doc_id,source_path,page_count,char_count,chars_per_page,extractor,thin_pages,transcribed_pages,unread_pages,transcription_model,truncated,original_char_count,stratum
2ThemartComInc_19990826_10-12G_EX-10.10_6700288_EX-10.10_Co-Branding Agreement_ Agency Agreement,/Users/aaron/Projects/doc-proc-demo-1/data/pdfs/2ThemartComInc_19990826_10-12G_EX-10.10_6700288_EX-10.10_Co-Branding Agreement_ Agency Agreement.pdf,9,29389,3265.4,pymupdf,0,0,0,,False,29389,random
ABILITYINC_06_15_2020-EX-4.25-SERVICES AGREEMENT,/Users/aaron/Projects/doc-proc-demo-1/data/pdfs/ABILITYINC_06_15_2020-EX-4.25-SERVICES AGREEMENT.PDF,11,26308,2391.6,pymupdf,0,0,0,,False,26308,random
ACCELERATEDTECHNOLOGIESHOLDINGCORP_04_24_2003-EX-10.13-JOINT VENTURE AGREEMENT,/Users/aaron/Projects/doc-proc-demo-1/data/pdfs/ACCELERATEDTECHNOLOGIESHOLDINGCORP_04_24_2003-EX-10.13-JOINT VENTURE AGREEMENT.PDF,3,13063,4354.3,pymupdf,0,0,0,,False,13063,random
ACCURAYINC_09_01_2010-EX-10.31-DISTRIBUTOR AGREEMENT,/Users/aaron/Projects/doc-proc-demo-1/data/pdfs/ACCURAYINC_09_01_2010-EX-10.31-DISTRIBUTOR AGREEMENT.PDF,32,89200,2787.5,pymupdf,0,0,0,,False,89200,random
ADAMSGOLFINC_03_21_2005-EX-10.17-ENDORSEMENT AGREEMENT,/Users/aaron/Projects/doc-proc-demo-1/data/pdfs/ADAMSGOLFINC_03_21_2005-EX-10.17-ENDORSEMENT AGREEMENT.PDF,13,24510,1885.4,pymupdf,0,0,0,,False,24510,random
ADAPTIMMUNETHERAPEUTICSPLC_04_06_2017-EX-10.11-STRATEGIC ALLIANCE AGREEMENT,/Users/aaron/Projects/doc-proc-demo-1/data/pdfs/ADAPTIMMUNETHERAPEUTICSPLC_04_06_2017-EX-10.11-STRATEGIC ALLIANCE AGREEMENT.PDF,56,101214,1807.4,pymupdf,0,0,0,,False,101214,random
"ADIANUTRITION,INC_04_01_2005-EX-10.D2-RESELLER AGREEMENT","/Users/aaron/Projects/doc-proc-demo-1/data/pdfs/ADIANUTRITION,INC_04_01_2005-EX-10.D2-RESELLER AGREEMENT.PDF",5,26276,5255.2,pymupdf,0,0,0,,False,26276,random
"ADMA BioManufacturing, LLC -  Amendment #3 to Manufacturing Agreement","/Users/aaron/Projects/doc-proc-demo-1/data/pdfs/ADMA BioManufacturing, LLC -  Amendment #3 to Manufacturing Agreement .PDF",6,15292,2548.7,pymupdf,0,0,0,,False,15292,random
"ADUROBIOTECH,INC_06_02_2020-EX-10.7-CONSULTING AGREEMENT","/Users/aaron/Projects/doc-proc-demo-1/data/pdfs/ADUROBIOTECH,INC_06_02_2020-EX-10.7-CONSULTING AGREEMENT.PDF",4,11990,2997.5,pymupdf,0,0,0,,False,11990,random
AFSALABANCORPINC_08_01_1996-EX-1.1-AGENCY AGREEMENT,/Users/aaron/Projects/doc-proc-demo-1/data/pdfs/AFSALABANCORPINC_08_01_1996-EX-1.1-AGENCY AGREEMENT.PDF,21,121339,5778.0,pymupdf,0,0,0,,False,121339,random
AIRSPANNETWORKSINC_04_11_2000-EX-10.5-Distributor Agreement,/Users/aaron/Projects/doc-proc-demo-1/data/pdfs/AIRSPANNETWORKSINC_04_11_2000-EX-10.5-Distributor Agreement.PDF,14,72054,5146.7,pymupdf,0,0,0,,False,72054,random
AIRTECHINTERNATIONALGROUPINC_05_08_2000-EX-10.4-FRANCHISE AGREEMENT,/Users/aaron/Projects/doc-proc-demo-1/data/pdfs/AIRTECHINTERNATIONALGROUPINC_05_08_2000-EX-10.4-FRANCHISE AGREEMENT.PDF,16,73520,4595.0,pymupdf,0,0,0,,False,73520,random
ALAMOGORDOFINANCIALCORP_12_16_1999-EX-1-AGENCY AGREEMENT,/Users/aaron/Projects/doc-proc-demo-1/data/pdfs/ALAMOGORDOFINANCIALCORP_12_16_1999-EX-1-AGENCY AGREEMENT.PDF,24,143075,5961.5,pymupdf,0,0,0,,False,143075,random
ALCOSTORESINC_12_14_2005-EX-10.26-AGENCY AGREEMENT,/Users/aaron/Projects/doc-proc-demo-1/data/pdfs/ALCOSTORESINC_12_14_2005-EX-10.26-AGENCY AGREEMENT.PDF,3,11326,3775.3,pymupdf,0,0,0,,False,11326,random
ALLIANCEBANCORPINCOFPENNSYLVANIA_10_18_2006-EX-1.2-AGENCY AGREEMENT,/Users/aaron/Projects/doc-proc-demo-1/data/pdfs/ALLIANCEBANCORPINCOFPENNSYLVANIA_10_18_2006-EX-1.2-AGENCY AGREEMENT.PDF,41,129980,3170.2,pymupdf,0,0,0,,False,129980,random
ALLISONTRANSMISSIONHOLDINGSINC_12_15_2014-EX-99.1-COOPERATION AGREEMENT,/Users/aaron/Projects/doc-proc-demo-1/data/pdfs/ALLISONTRANSMISSIONHOLDINGSINC_12_15_2014-EX-99.1-COOPERATION AGREEMENT.PDF,10,32735,3273.5,pymupdf,0,0,0,,False,32735,random
AMBASSADOREYEWEARGROUPINC_11_17_1997-EX-10.28-ENDORSEMENT AGREEMENT,/Users/aaron/Projects/doc-proc-demo-1/data/pdfs/AMBASSADOREYEWEARGROUPINC_11_17_1997-EX-10.28-ENDORSEMENT AGREEMENT.PDF,8,39735,4966.9,pymupdf,0,0,0,,False,39735,random
AMERICANPHYSICIANSCAPITALINC_03_31_2003-EX-10.26-AGENCY AGREEMENT,/Users/aaron/Projects/doc-proc-demo-1/data/pdfs/AMERICANPHYSICIANSCAPITALINC_03_31_2003-EX-10.26-AGENCY AGREEMENT.PDF,6,23947,3991.2,pymupdf,0,0,0,,False,23947,random
AMERICASSHOPPINGMALLINC_12_10_1999-EX-10.2-SITE DEVELOPMENT AND HOSTING AGREEMENT,/Users/aaron/Projects/doc-proc-demo-1/data/pdfs/AMERICASSHOPPINGMALLINC_12_10_1999-EX-10.2-SITE DEVELOPMENT AND HOSTING AGREEMENT.PDF,5,19329,3865.8,pymupdf,0,0,0,,False,19329,random
ANIXABIOSCIENCESINC_06_09_2020-EX-10.1-COLLABORATION AGREEMENT,/Users/aaron/Projects/doc-proc-demo-1/data/pdfs/ANIXABIOSCIENCESINC_06_09_2020-EX-10.1-COLLABORATION AGREEMENT.PDF,15,40394,2692.9,pymupdf,0,0,0,,False,40394,random
"ARMSTRONGFLOORING,INC_01_07_2019-EX-10.2-INTELLECTUAL PROPERTY AGREEMENT","/Users/aaron/Projects/doc-proc-demo-1/data/pdfs/ARMSTRONGFLOORING,INC_01_07_2019-EX-10.2-INTELLECTUAL PROPERTY AGREEMENT.PDF",50,69477,1389.5,pymupdf,0,0,0,,False,69477,random
"ASHWORTHINC_01_29_1999-EX-10.(D)-PROMOTION AGREEMENT AND NANTZ COMMUNICATIONS, INC.","/Users/aaron/Projects/doc-proc-demo-1/data/pdfs/ASHWORTHINC_01_29_1999-EX-10.(D)-PROMOTION AGREEMENT AND NANTZ COMMUNICATIONS, INC..PDF",6,25635,4272.5,pymupdf,0,0,0,,False,25635,random
ASIANDRAGONGROUPINC_08_11_2005-EX-10.5-Reseller Agreement,/Users/aaron/Projects/doc-proc-demo-1/data/pdfs/ASIANDRAGONGROUPINC_08_11_2005-EX-10.5-Reseller Agreement.PDF,18,44848,2491.6,pymupdf,0,0,0,,False,44848,random
ASPIRITYHOLDINGSLLC_05_07_2012-EX-10.6-OUTSOURCING AGREEMENT,/Users/aaron/Projects/doc-proc-demo-1/data/pdfs/ASPIRITYHOLDINGSLLC_05_07_2012-EX-10.6-OUTSOURCING AGREEMENT.PDF,28,66436,2372.7,pymupdf,0,0,0,,False,66436,random
ATENTOSA_07_06_2020-EX-99.1-JOINT FILING AGREEMENT,/Users/aaron/Projects/doc-proc-demo-1/data/pdfs/ATENTOSA_07_06_2020-EX-99.1-JOINT FILING AGREEMENT.PDF,3,2285,761.7,pymupdf,0,0,0,,False,2285,random
"ATHENSBANCSHARESCORP_11_02_2009-EX-1.2-AGENCY AGREEMENT , 2009","/Users/aaron/Projects/doc-proc-demo-1/data/pdfs/ATHENSBANCSHARESCORP_11_02_2009-EX-1.2-AGENCY AGREEMENT , 2009.PDF",33,145457,4407.8,pymupdf,0,0,0,,False,145457,random
ATMOSENERGYCORP_11_22_2002-EX-10.17-TRANSPORTATION SERVICE AGREEMENT,/Users/aaron/Projects/doc-proc-demo-1/data/pdfs/ATMOSENERGYCORP_11_22_2002-EX-10.17-TRANSPORTATION SERVICE AGREEMENT.PDF,6,24074,4012.3,pymupdf,0,0,0,,False,24074,random
AULAMERICANUNITTRUST_04_24_2020-EX-99.8.77-SERVICING AGREEMENT,/Users/aaron/Projects/doc-proc-demo-1/data/pdfs/AULAMERICANUNITTRUST_04_24_2020-EX-99.8.77-SERVICING AGREEMENT.PDF,13,35984,2768.0,pymupdf,0,0,0,,False,35984,random
AURASYSTEMSINC_06_16_2010-EX-10.25-STRATEGIC ALLIANCE AGREEMENT,/Users/aaron/Projects/doc-proc-demo-1/data/pdfs/AURASYSTEMSINC_06_16_2010-EX-10.25-STRATEGIC ALLIANCE AGREEMENT.PDF,19,44772,2356.4,pymupdf,0,0,0,,False,44772,random
AgapeAtpCorp_20191202_10-KA_EX-10.1_11911128_EX-10.1_Supply Agreement,/Users/aaron/Projects/doc-proc-demo-1/data/pdfs/AgapeAtpCorp_20191202_10-KA_EX-10.1_11911128_EX-10.1_Supply Agreement.pdf,13,20644,1588.0,pymupdf,0,0,0,,False,20644,random
AimmuneTherapeuticsInc_20200205_8-K_EX-10.3_11967170_EX-10.3_Development Agreement,/Users/aaron/Projects/doc-proc-demo-1/data/pdfs/AimmuneTherapeuticsInc_20200205_8-K_EX-10.3_11967170_EX-10.3_Development Agreement.pdf,63,167347,2656.3,pymupdf,0,0,0,,False,167347,random
AlliedEsportsEntertainmentInc_20190815_8-K_EX-10.19_11788293_EX-10.19_Content License Agreement,/Users/aaron/Projects/doc-proc-demo-1/data/pdfs/AlliedEsportsEntertainmentInc_20190815_8-K_EX-10.19_11788293_EX-10.19_Content License Agreement.pdf,10,35457,3545.7,pymupdf,0,0,0,,False,35457,random
AlliedEsportsEntertainmentInc_20190815_8-K_EX-10.34_11788308_EX-10.34_Sponsorship Agreement,/Users/aaron/Projects/doc-proc-demo-1/data/pdfs/AlliedEsportsEntertainmentInc_20190815_8-K_EX-10.34_11788308_EX-10.34_Sponsorship Agreement.pdf,10,37748,3774.8,pymupdf,0,0,0,,False,37748,random
"Antares Pharma, Inc. - Manufacturing Agreement","/Users/aaron/Projects/doc-proc-demo-1/data/pdfs/Antares Pharma, Inc. - Manufacturing Agreement.PDF",49,106254,2168.4,pymupdf,0,0,0,,False,106254,random
Apollo Endosurgery - Manufacturing and Supply Agreement,/Users/aaron/Projects/doc-proc-demo-1/data/pdfs/Apollo Endosurgery - Manufacturing and Supply Agreement.PDF,21,47987,2285.1,pymupdf,0,0,0,,False,47987,random
ArcGroupInc_20171211_8-K_EX-10.1_10976103_EX-10.1_Sponsorship Agreement,/Users/aaron/Projects/doc-proc-demo-1/data/pdfs/ArcGroupInc_20171211_8-K_EX-10.1_10976103_EX-10.1_Sponsorship Agreement.pdf,4,16814,4203.5,pymupdf,0,0,0,,False,16814,random
ArcaUsTreasuryFund_20200207_N-2_EX-99.K5_11971930_EX-99.K5_Development Agreement,/Users/aaron/Projects/doc-proc-demo-1/data/pdfs/ArcaUsTreasuryFund_20200207_N-2_EX-99.K5_11971930_EX-99.K5_Development Agreement.pdf,5,15298,3059.6,pymupdf,0,0,0,,False,15298,random
ArconicRolledProductsCorp_20191217_10-12B_EX-2.7_11923804_EX-2.7_Trademark License Agreement,/Users/aaron/Projects/doc-proc-demo-1/data/pdfs/ArconicRolledProductsCorp_20191217_10-12B_EX-2.7_11923804_EX-2.7_Trademark License Agreement.pdf,6,18043,3007.2,pymupdf,0,0,0,,False,18043,random
ArmstrongFlooringInc_20190107_8-K_EX-10.2_11471795_EX-10.2_Intellectual Property Agreement,/Users/aaron/Projects/doc-proc-demo-1/data/pdfs/ArmstrongFlooringInc_20190107_8-K_EX-10.2_11471795_EX-10.2_Intellectual Property Agreement.pdf,40,56611,1415.3,pymupdf,0,0,0,,False,56611,random
"Array BioPharma Inc. - LICENSE, DEVELOPMENT AND COMMERCIALIZATION AGREEMENT","/Users/aaron/Projects/doc-proc-demo-1/data/pdfs/Array BioPharma Inc. - LICENSE, DEVELOPMENT AND COMMERCIALIZATION AGREEMENT.PDF",107,271238,2534.9,pymupdf,0,0,0,,False,271238,random
ArtaraTherapeuticsInc_20200110_8-K_EX-10.5_11943350_EX-10.5_License Agreement,/Users/aaron/Projects/doc-proc-demo-1/data/pdfs/ArtaraTherapeuticsInc_20200110_8-K_EX-10.5_11943350_EX-10.5_License Agreement.pdf,15,38243,2549.5,pymupdf,0,0,0,,False,38243,random
AtnInternationalInc_20191108_10-Q_EX-10.1_11878541_EX-10.1_Maintenance Agreement,/Users/aaron/Projects/doc-proc-demo-1/data/pdfs/AtnInternationalInc_20191108_10-Q_EX-10.1_11878541_EX-10.1_Maintenance Agreement.pdf,71,228302,3215.5,pymupdf,0,0,0,,False,228302,random
AudibleInc_20001113_10-Q_EX-10.32_2599586_EX-10.32_Co-Branding Agreement_ Marketing Agreement_ Investment Distribution Agreement,/Users/aaron/Projects/doc-proc-demo-1/data/pdfs/AudibleInc_20001113_10-Q_EX-10.32_2599586_EX-10.32_Co-Branding Agreement_ Marketing Agreement_ Investment Distribution Agreement.pdf,13,76921,5917.0,pymupdf,0,0,0,,False,76921,random
AzulSa_20170303_F-1A_EX-10.3_9943903_EX-10.3_Maintenance Agreement1,/Users/aaron/Projects/doc-proc-demo-1/data/pdfs/AzulSa_20170303_F-1A_EX-10.3_9943903_EX-10.3_Maintenance Agreement1.pdf,111,232832,2097.6,pymupdf,0,0,0,,False,232832,random
AzulSa_20170303_F-1A_EX-10.3_9943903_EX-10.3_Maintenance Agreement2,/Users/aaron/Projects/doc-proc-demo-1/data/pdfs/AzulSa_20170303_F-1A_EX-10.3_9943903_EX-10.3_Maintenance Agreement2.pdf,9,16844,1871.6,pymupdf,0,0,0,,False,16844,random
"BABCOCK_WILCOXENTERPRISES,INC_08_04_2015-EX-10.17-INTELLECTUAL PROPERTY AGREEMENT between THE BABCOCK _ WILCOX COMPANY and BABCOCK _ WILCOX ENTERPRISES, INC.","/Users/aaron/Projects/doc-proc-demo-1/data/pdfs/BABCOCK_WILCOXENTERPRISES,INC_08_04_2015-EX-10.17-INTELLECTUAL PROPERTY AGREEMENT between THE BABCOCK _ WILCOX COMPANY and BABCOCK _ WILCOX ENTERPRISES, INC..PDF",39,112213,2877.3,pymupdf,0,0,0,,False,112213,random
BANGIINC_05_25_2005-EX-10-Premium Managed Hosting Agreement,/Users/aaron/Projects/doc-proc-demo-1/data/pdfs/BANGIINC_05_25_2005-EX-10-Premium Managed Hosting Agreement.PDF,2,2058,1029.0,pymupdf,0,0,0,,False,2058,random
BANUESTRAFINANCIALCORP_09_08_2006-EX-10.16-AGENCY AGREEMENT,/Users/aaron/Projects/doc-proc-demo-1/data/pdfs/BANUESTRAFINANCIALCORP_09_08_2006-EX-10.16-AGENCY AGREEMENT.PDF,14,45115,3222.5,pymupdf,0,0,0,,False,45115,random
"BELLICUMPHARMACEUTICALS,INC_05_07_2019-EX-10.1-Supply Agreement","/Users/aaron/Projects/doc-proc-demo-1/data/pdfs/BELLICUMPHARMACEUTICALS,INC_05_07_2019-EX-10.1-Supply Agreement.PDF",54,188141,3484.1,pymupdf,0,0,0,,False,188141,random
"BELLRINGBRANDS,INC_02_07_2020-EX-10.18-MASTER SUPPLY AGREEMENT","/Users/aaron/Projects/doc-proc-demo-1/data/pdfs/BELLRINGBRANDS,INC_02_07_2020-EX-10.18-MASTER SUPPLY AGREEMENT.PDF",13,37750,2903.8,pymupdf,0,0,0,,False,37750,random
"BERKELEYLIGHTS,INC_06_26_2020-EX-10.12-COLLABORATION AGREEMENT","/Users/aaron/Projects/doc-proc-demo-1/data/pdfs/BERKELEYLIGHTS,INC_06_26_2020-EX-10.12-COLLABORATION AGREEMENT.PDF",85,208440,2452.2,pymupdf,0,0,0,,False,208440,random
BEYONDCOMCORP_08_03_2000-EX-10.2-CO-HOSTING AGREEMENT,/Users/aaron/Projects/doc-proc-demo-1/data/pdfs/BEYONDCOMCORP_08_03_2000-EX-10.2-CO-HOSTING AGREEMENT.PDF,12,58500,4875.0,pymupdf,0,0,0,,False,58500,random
BICYCLETHERAPEUTICSPLC_03_10_2020-EX-10.11-SERVICE AGREEMENT,/Users/aaron/Projects/doc-proc-demo-1/data/pdfs/BICYCLETHERAPEUTICSPLC_03_10_2020-EX-10.11-SERVICE AGREEMENT.PDF,22,56762,2580.1,pymupdf,0,0,0,,False,56762,random
BIOAMBERINC_04_10_2013-EX-10.34-DEVELOPMENT AGREEMENT (1),/Users/aaron/Projects/doc-proc-demo-1/data/pdfs/BIOAMBERINC_04_10_2013-EX-10.34-DEVELOPMENT AGREEMENT (1).pdf,18,38507,2139.3,pymupdf,0,0,0,,False,38507,random
BIOAMBERINC_04_10_2013-EX-10.34-DEVELOPMENT AGREEMENT - First Amendment,/Users/aaron/Projects/doc-proc-demo-1/data/pdfs/BIOAMBERINC_04_10_2013-EX-10.34-DEVELOPMENT AGREEMENT - First Amendment.pdf,3,6369,2123.0,pymupdf,0,0,0,,False,6369,random
BIOCEPTINC_08_19_2013-EX-10-COLLABORATION AGREEMENT,/Users/aaron/Projects/doc-proc-demo-1/data/pdfs/BIOCEPTINC_08_19_2013-EX-10-COLLABORATION AGREEMENT.PDF,26,78853,3032.8,pymupdf,0,0,0,,False,78853,random
BIOFRONTERAAG_04_29_2019-EX-4.17-SUPPLY AGREEMENT,/Users/aaron/Projects/doc-proc-demo-1/data/pdfs/BIOFRONTERAAG_04_29_2019-EX-4.17-SUPPLY AGREEMENT.PDF,25,63655,2546.2,pymupdf,0,0,0,,False,63655,random
BIOPURECORP_06_30_1999-EX-10.13-AGENCY AGREEMENT,/Users/aaron/Projects/doc-proc-demo-1/data/pdfs/BIOPURECORP_06_30_1999-EX-10.13-AGENCY AGREEMENT.PDF,8,40769,5096.1,pymupdf,0,0,0,,False,40769,random
BLACKBOXSTOCKSINC_08_05_2014-EX-10.1-DISTRIBUTOR AGREEMENT,/Users/aaron/Projects/doc-proc-demo-1/data/pdfs/BLACKBOXSTOCKSINC_08_05_2014-EX-10.1-DISTRIBUTOR AGREEMENT.PDF,8,17157,2144.6,pymupdf,0,0,0,,False,17157,random
BLACKROCKMUNIHOLDINGSINVESTMENTQUALITYFUND_04_07_2020-EX-99.01-JOINT FILING AGREEMENT,/Users/aaron/Projects/doc-proc-demo-1/data/pdfs/BLACKROCKMUNIHOLDINGSINVESTMENTQUALITYFUND_04_07_2020-EX-99.01-JOINT FILING AGREEMENT.PDF,1,1278,1278.0,pymupdf,0,0,0,,False,1278,random
BLACKSTONEGSOLONG-SHORTCREDITINCOMEFUND_05_11_2020-EX-99.(K)(1)-SERVICE AGREEMENT,/Users/aaron/Projects/doc-proc-demo-1/data/pdfs/BLACKSTONEGSOLONG-SHORTCREDITINCOMEFUND_05_11_2020-EX-99.(K)(1)-SERVICE AGREEMENT.PDF,25,52145,2085.8,pymupdf,0,0,0,,False,52145,random
BLUEFLYINC_03_27_2002-EX-10.27-e-business Hosting Agreement,/Users/aaron/Projects/doc-proc-demo-1/data/pdfs/BLUEFLYINC_03_27_2002-EX-10.27-e-business Hosting Agreement.PDF,9,37183,4131.4,pymupdf,0,0,0,,False,37183,random
"BLUEHILLSBANCORP,INC_05_20_2014-EX-1.1-AGENCY AGREEMENT","/Users/aaron/Projects/doc-proc-demo-1/data/pdfs/BLUEHILLSBANCORP,INC_05_20_2014-EX-1.1-AGENCY AGREEMENT.PDF",32,130543,4079.5,pymupdf,0,0,0,,False,130543,random
"BLUEROCKRESIDENTIALGROWTHREIT,INC_06_01_2016-EX-1.1-AGENCY AGREEMENT","/Users/aaron/Projects/doc-proc-demo-1/data/pdfs/BLUEROCKRESIDENTIALGROWTHREIT,INC_06_01_2016-EX-1.1-AGENCY AGREEMENT.PDF",47,134188,2855.1,pymupdf,0,0,0,,False,134188,random
BNCMORTGAGEINC_05_17_1999-EX-10.4-LICENSING AND WEB SITE HOSTING AGREEMENT,/Users/aaron/Projects/doc-proc-demo-1/data/pdfs/BNCMORTGAGEINC_05_17_1999-EX-10.4-LICENSING AND WEB SITE HOSTING AGREEMENT.PDF,7,32863,4694.7,pymupdf,0,0,0,,False,32863,random
BNLFINANCIALCORP_03_30_2007-EX-10.8-OUTSOURCING AGREEMENT,/Users/aaron/Projects/doc-proc-demo-1/data/pdfs/BNLFINANCIALCORP_03_30_2007-EX-10.8-OUTSOURCING AGREEMENT.PDF,17,39864,2344.9,pymupdf,0,0,0,,False,39864,random
BOLIVARMININGCORP_05_23_2003-EX-2.1-VISP WEB SITE BUILDING AND HOSTING AGREEMENT,/Users/aaron/Projects/doc-proc-demo-1/data/pdfs/BOLIVARMININGCORP_05_23_2003-EX-2.1-VISP WEB SITE BUILDING AND HOSTING AGREEMENT.PDF,3,11511,3837.0,pymupdf,0,0,0,,False,11511,random
BONTONSTORESINC_04_20_2018-EX-99.3-AGENCY AGREEMENT,/Users/aaron/Projects/doc-proc-demo-1/data/pdfs/BONTONSTORESINC_04_20_2018-EX-99.3-AGENCY AGREEMENT.PDF,61,160987,2639.1,pymupdf,0,0,0,,False,160987,random
"BORROWMONEYCOM,INC_06_11_2020-EX-10.1-JOINT VENTURE AGREEMENT","/Users/aaron/Projects/doc-proc-demo-1/data/pdfs/BORROWMONEYCOM,INC_06_11_2020-EX-10.1-JOINT VENTURE AGREEMENT.PDF",13,21394,1645.7,pymupdf,0,0,0,,False,21394,random
BUFFALOWILDWINGSINC_06_05_1998-EX-10.3-FRANCHISE AGREEMENT,/Users/aaron/Projects/doc-proc-demo-1/data/pdfs/BUFFALOWILDWINGSINC_06_05_1998-EX-10.3-FRANCHISE AGREEMENT.PDF,29,154022,5311.1,pymupdf,0,0,0,,False,154022,random
BellringBrandsInc_20190920_S-1_EX-10.12_11817081_EX-10.12_Manufacturing Agreement1,/Users/aaron/Projects/doc-proc-demo-1/data/pdfs/BellringBrandsInc_20190920_S-1_EX-10.12_11817081_EX-10.12_Manufacturing Agreement1.pdf,14,42325,3023.2,pymupdf,0,0,0,,False,42325,random
BellringBrandsInc_20190920_S-1_EX-10.12_11817081_EX-10.12_Manufacturing Agreement2,/Users/aaron/Projects/doc-proc-demo-1/data/pdfs/BellringBrandsInc_20190920_S-1_EX-10.12_11817081_EX-10.12_Manufacturing Agreement2.pdf,1,2265,2265.0,pymupdf,0,0,0,,False,2265,random
BellringBrandsInc_20190920_S-1_EX-10.12_11817081_EX-10.12_Manufacturing Agreement3,/Users/aaron/Projects/doc-proc-demo-1/data/pdfs/BellringBrandsInc_20190920_S-1_EX-10.12_11817081_EX-10.12_Manufacturing Agreement3.pdf,4,7958,1989.5,pymupdf,0,0,0,,False,7958,random
BellringBrandsInc_20190920_S-1_EX-10.12_11817081_EX-10.12_Manufacturing Agreement4,/Users/aaron/Projects/doc-proc-demo-1/data/pdfs/BellringBrandsInc_20190920_S-1_EX-10.12_11817081_EX-10.12_Manufacturing Agreement4.pdf,1,1731,1731.0,pymupdf,0,0,0,,False,1731,random
BerkshireHillsBancorpInc_20120809_10-Q_EX-10.16_7708169_EX-10.16_Endorsement Agreement,/Users/aaron/Projects/doc-proc-demo-1/data/pdfs/BerkshireHillsBancorpInc_20120809_10-Q_EX-10.16_7708169_EX-10.16_Endorsement Agreement.pdf,12,29437,2453.1,pymupdf,0,0,0,,False,29437,random
BizzingoInc_20120322_8-K_EX-10.17_7504499_EX-10.17_Endorsement Agreement,/Users/aaron/Projects/doc-proc-demo-1/data/pdfs/BizzingoInc_20120322_8-K_EX-10.17_7504499_EX-10.17_Endorsement Agreement.pdf,11,24122,2192.9,pymupdf,0,0,0,,False,24122,random
BloomEnergyCorp_20180321_DRSA (on S-1)_EX-10_11240356_EX-10_Maintenance Agreement,/Users/aaron/Projects/doc-proc-demo-1/data/pdfs/BloomEnergyCorp_20180321_DRSA (on S-1)_EX-10_11240356_EX-10_Maintenance Agreement.pdf,56,104181,1860.4,pymupdf,0,0,0,,False,104181,random
BravatekSolutionsInc_20170418_8-K_EX-10.1_10205739_EX-10.1_Reseller Agreement,/Users/aaron/Projects/doc-proc-demo-1/data/pdfs/BravatekSolutionsInc_20170418_8-K_EX-10.1_10205739_EX-10.1_Reseller Agreement.pdf,8,15855,1981.9,pymupdf,0,0,0,,False,15855,random
"CANOPETROLEUM,INC_12_13_2007-EX-10.1-Sponsorship Agreement","/Users/aaron/Projects/doc-proc-demo-1/data/pdfs/CANOPETROLEUM,INC_12_13_2007-EX-10.1-Sponsorship Agreement.PDF",4,8881,2220.2,pymupdf,0,0,0,,False,8881,random
"CARDAX,INC_08_19_2014-EX-10.1-COLLABORATION AGREEMENT","/Users/aaron/Projects/doc-proc-demo-1/data/pdfs/CARDAX,INC_08_19_2014-EX-10.1-COLLABORATION AGREEMENT.PDF",25,56467,2258.7,pymupdf,0,0,0,,False,56467,random
CCAINDUSTRIESINC_04_14_2014-EX-10.1-OUTSOURCING AGREEMENT,/Users/aaron/Projects/doc-proc-demo-1/data/pdfs/CCAINDUSTRIESINC_04_14_2014-EX-10.1-OUTSOURCING AGREEMENT.PDF,16,31709,1981.8,pymupdf,0,0,0,,False,31709,random
CENTRACKINTERNATIONALINC_10_29_1999-EX-10.3-WEB SITE HOSTING AGREEMENT,/Users/aaron/Projects/doc-proc-demo-1/data/pdfs/CENTRACKINTERNATIONALINC_10_29_1999-EX-10.3-WEB SITE HOSTING AGREEMENT.PDF,4,15168,3792.0,pymupdf,0,0,0,,False,15168,random
"CERES,INC_01_25_2012-EX-10.20-Collaboration Agreement","/Users/aaron/Projects/doc-proc-demo-1/data/pdfs/CERES,INC_01_25_2012-EX-10.20-Collaboration Agreement.PDF",154,328868,2135.5,pymupdf,0,0,0,,False,328868,random
CHANGEPOINTCORP_03_08_2000-EX-10.6-LICENSE AND HOSTING AGREEMENT,/Users/aaron/Projects/doc-proc-demo-1/data/pdfs/CHANGEPOINTCORP_03_08_2000-EX-10.6-LICENSE AND HOSTING AGREEMENT.PDF,30,160598,5353.3,pymupdf,0,0,0,,False,160598,random
CHAPARRALRESOURCESINC_03_30_2000-EX-10.66-TRANSPORTATION CONTRACT,/Users/aaron/Projects/doc-proc-demo-1/data/pdfs/CHAPARRALRESOURCESINC_03_30_2000-EX-10.66-TRANSPORTATION CONTRACT.PDF,7,26740,3820.0,pymupdf,0,0,0,,False,26740,random
CHEETAHMOBILEINC_04_22_2014-EX-10.43-Cooperation Agreement,/Users/aaron/Projects/doc-proc-demo-1/data/pdfs/CHEETAHMOBILEINC_04_22_2014-EX-10.43-Cooperation Agreement.PDF,25,39070,1562.8,pymupdf,0,0,0,,False,39070,random
CHERRYHILLMORTGAGEINVESTMENTCORP_09_26_2013-EX-10.1-Strategic Alliance Agreement,/Users/aaron/Projects/doc-proc-demo-1/data/pdfs/CHERRYHILLMORTGAGEINVESTMENTCORP_09_26_2013-EX-10.1-Strategic Alliance Agreement.PDF,11,27655,2514.1,pymupdf,0,0,0,,False,27655,random
CHINARECYCLINGENERGYCORP_11_14_2013-EX-10.6-Cooperation Agreement,/Users/aaron/Projects/doc-proc-demo-1/data/pdfs/CHINARECYCLINGENERGYCORP_11_14_2013-EX-10.6-Cooperation Agreement.PDF,9,16525,1836.1,pymupdf,0,0,0,,False,16525,random
CHIPMOSTECHNOLOGIESBERMUDALTD_04_18_2016-EX-4.72-Strategic Alliance Agreement,/Users/aaron/Projects/doc-proc-demo-1/data/pdfs/CHIPMOSTECHNOLOGIESBERMUDALTD_04_18_2016-EX-4.72-Strategic Alliance Agreement.PDF,7,13457,1922.4,pymupdf,0,0,0,,False,13457,random
"COOLTECHNOLOGIES,INC_10_25_2017-EX-10.71-Strategic Alliance Agreement","/Users/aaron/Projects/doc-proc-demo-1/data/pdfs/COOLTECHNOLOGIES,INC_10_25_2017-EX-10.71-Strategic Alliance Agreement.PDF",6,13532,2255.3,pymupdf,0,0,0,,False,13532,random
"CORALGOLDRESOURCES,LTD_05_28_2020-EX-4.1-CONSULTING AGREEMENT","/Users/aaron/Projects/doc-proc-demo-1/data/pdfs/CORALGOLDRESOURCES,LTD_05_28_2020-EX-4.1-CONSULTING AGREEMENT.PDF",11,29626,2693.3,pymupdf,0,0,0,,False,29626,random
CORIOINC_07_20_2000-EX-10.5-LICENSE AND HOSTING AGREEMENT,/Users/aaron/Projects/doc-proc-demo-1/data/pdfs/CORIOINC_07_20_2000-EX-10.5-LICENSE AND HOSTING AGREEMENT.PDF,13,62313,4793.3,pymupdf,0,0,0,,False,62313,random
"CURAEGISTECHNOLOGIES,INC_05_26_2010-EX-1-CORPORATE SPONSORSHIP AGREEMENT","/Users/aaron/Projects/doc-proc-demo-1/data/pdfs/CURAEGISTECHNOLOGIES,INC_05_26_2010-EX-1-CORPORATE SPONSORSHIP AGREEMENT.PDF",3,12675,4225.0,pymupdf,0,0,0,,False,12675,random
CUROGROUPHOLDINGSCORP_05_04_2020-EX-10.3-SERVICING AGREEMENT,/Users/aaron/Projects/doc-proc-demo-1/data/pdfs/CUROGROUPHOLDINGSCORP_05_04_2020-EX-10.3-SERVICING AGREEMENT.PDF,10,36459,3645.9,pymupdf,0,0,0,,False,36459,random
CYBERIANOUTPOSTINC_07_09_1998-EX-10.13-PROMOTION AGREEMENT,/Users/aaron/Projects/doc-proc-demo-1/data/pdfs/CYBERIANOUTPOSTINC_07_09_1998-EX-10.13-PROMOTION AGREEMENT.PDF,5,25286,5057.2,pymupdf,0,0,0,,False,25286,random
CardlyticsInc_20180112_S-1_EX-10.16_11002987_EX-10.16_Maintenance Agreement1,/Users/aaron/Projects/doc-proc-demo-1/data/pdfs/CardlyticsInc_20180112_S-1_EX-10.16_11002987_EX-10.16_Maintenance Agreement1.pdf,47,165676,3525.0,pymupdf,0,0,0,,False,165676,random
CardlyticsInc_20180112_S-1_EX-10.16_11002987_EX-10.16_Maintenance Agreement2,/Users/aaron/Projects/doc-proc-demo-1/data/pdfs/CardlyticsInc_20180112_S-1_EX-10.16_11002987_EX-10.16_Maintenance Agreement2.pdf,2,2887,1443.5,pymupdf,0,0,0,,False,2887,random
CardlyticsInc_20180112_S-1_EX-10.16_11002987_EX-10.16_Maintenance Agreement3,/Users/aaron/Projects/doc-proc-demo-1/data/pdfs/CardlyticsInc_20180112_S-1_EX-10.16_11002987_EX-10.16_Maintenance Agreement3.pdf,1,1703,1703.0,pymupdf,0,0,0,,False,1703,random
CardlyticsInc_20180112_S-1_EX-10.16_11002987_EX-10.16_Maintenance Agreement4,/Users/aaron/Projects/doc-proc-demo-1/data/pdfs/CardlyticsInc_20180112_S-1_EX-10.16_11002987_EX-10.16_Maintenance Agreement4.pdf,4,5354,1338.5,pymupdf,0,0,0,,False,5354,random
CcRealEstateIncomeFundadv_20181205_POS 8C_EX-99.(H)(3)_11447739_EX-99.(H)(3)_Marketing Agreement,/Users/aaron/Projects/doc-proc-demo-1/data/pdfs/CcRealEstateIncomeFundadv_20181205_POS 8C_EX-99.(H)(3)_11447739_EX-99.(H)(3)_Marketing Agreement.pdf,14,30061,2147.2,pymupdf,0,0,0,,False,30061,random
CerenceInc_20191002_8-K_EX-10.4_11827494_EX-10.4_Intellectual Property Agreement,/Users/aaron/Projects/doc-proc-demo-1/data/pdfs/CerenceInc_20191002_8-K_EX-10.4_11827494_EX-10.4_Intellectual Property Agreement.pdf,24,61914,2579.8,pymupdf,0,0,0,,False,61914,random
Cerus Corporation - FIRST AMEND TO SUPPLY AND MANUFACTURING AGREEMENT,/Users/aaron/Projects/doc-proc-demo-1/data/pdfs/Cerus Corporation - FIRST AMEND TO SUPPLY AND MANUFACTURING AGREEMENT.PDF,10,11376,1137.6,pymupdf,0,0,0,,False,11376,random
ChinaRealEstateInformationCorp_20090929_F-1_EX-10.32_4771615_EX-10.32_Content License Agreement,/Users/aaron/Projects/doc-proc-demo-1/data/pdfs/ChinaRealEstateInformationCorp_20090929_F-1_EX-10.32_4771615_EX-10.32_Content License Agreement.pdf,19,49195,2589.2,pymupdf,0,0,0,,False,49195,random
ClickstreamCorp_20200330_1-A_EX1A-6 MAT CTRCT_12089935_EX1A-6 MAT CTRCT_Development Agreement,/Users/aaron/Projects/doc-proc-demo-1/data/pdfs/ClickstreamCorp_20200330_1-A_EX1A-6 MAT CTRCT_12089935_EX1A-6 MAT CTRCT_Development Agreement.pdf,11,34139,3103.5,pymupdf,0,0,0,,False,34139,random
CnsPharmaceuticalsInc_20200326_8-K_EX-10.1_12079626_EX-10.1_Development Agreement,/Users/aaron/Projects/doc-proc-demo-1/data/pdfs/CnsPharmaceuticalsInc_20200326_8-K_EX-10.1_12079626_EX-10.1_Development Agreement.pdf,5,20769,4153.8,pymupdf,0,0,0,,False,20769,random
CoherusBiosciencesInc_20200227_10-K_EX-10.29_12021376_EX-10.29_Development Agreement,/Users/aaron/Projects/doc-proc-demo-1/data/pdfs/CoherusBiosciencesInc_20200227_10-K_EX-10.29_12021376_EX-10.29_Development Agreement.pdf,48,145546,3032.2,pymupdf,0,0,0,,False,145546,random
"Columbia Laboratories, (Bermuda) Ltd. - AMEND NO. 2 TO MANUFACTURING AND SUPPLY AGREEMENT","/Users/aaron/Projects/doc-proc-demo-1/data/pdfs/Columbia Laboratories, (Bermuda) Ltd. - AMEND NO. 2 TO MANUFACTURING AND SUPPLY AGREEMENT.PDF",16,45689,2855.6,pymupdf,0,0,0,,False,45689,random
ConformisInc_20191101_10-Q_EX-10.6_11861402_EX-10.6_Development Agreement,/Users/aaron/Projects/doc-proc-demo-1/data/pdfs/ConformisInc_20191101_10-Q_EX-10.6_11861402_EX-10.6_Development Agreement.pdf,33,61962,1877.6,pymupdf,0,0,0,,False,61962,random
CreditcardscomInc_20070810_S-1_EX-10.33_362297_EX-10.33_Affiliate Agreement,/Users/aaron/Projects/doc-proc-demo-1/data/pdfs/CreditcardscomInc_20070810_S-1_EX-10.33_362297_EX-10.33_Affiliate Agreement.pdf,12,28784,2398.7,pymupdf,0,0,0,,False,28784,random
CybergyHoldingsInc_20140520_10-Q_EX-10.27_8605784_EX-10.27_Affiliate Agreement,/Users/aaron/Projects/doc-proc-demo-1/data/pdfs/CybergyHoldingsInc_20140520_10-Q_EX-10.27_8605784_EX-10.27_Affiliate Agreement.pdf,16,33508,2094.2,pymupdf,0,0,0,,False,33508,random
CytodynInc_20200109_10-Q_EX-10.5_11941634_EX-10.5_License Agreement,/Users/aaron/Projects/doc-proc-demo-1/data/pdfs/CytodynInc_20200109_10-Q_EX-10.5_11941634_EX-10.5_License Agreement.pdf,50,159052,3181.0,pymupdf,0,0,0,,False,159052,random
DIVERSINETCORP_03_01_2012-EX-4-RESELLER AGREEMENT,/Users/aaron/Projects/doc-proc-demo-1/data/pdfs/DIVERSINETCORP_03_01_2012-EX-4-RESELLER AGREEMENT.PDF,15,75277,5018.5,pymupdf,0,0,0,,False,75277,random
DOMINIADVISORTRUST_02_18_2005-EX-99.(H)(2)-SPONSORSHIP AGREEMENT,/Users/aaron/Projects/doc-proc-demo-1/data/pdfs/DOMINIADVISORTRUST_02_18_2005-EX-99.(H)(2)-SPONSORSHIP AGREEMENT.PDF,4,12534,3133.5,pymupdf,0,0,0,,False,12534,random
DRAGONSYSTEMSINC_01_08_1999-EX-10.17-OUTSOURCING AGREEMENT,/Users/aaron/Projects/doc-proc-demo-1/data/pdfs/DRAGONSYSTEMSINC_01_08_1999-EX-10.17-OUTSOURCING AGREEMENT.PDF,3,8887,2962.3,pymupdf,0,0,0,,False,8887,random
"DRIVENDELIVERIES,INC_05_22_2020-EX-10.4-CONSULTING AGREEMENT","/Users/aaron/Projects/doc-proc-demo-1/data/pdfs/DRIVENDELIVERIES,INC_05_22_2020-EX-10.4-CONSULTING AGREEMENT.PDF",7,27876,3982.3,pymupdf,0,0,0,,False,27876,random
DRKOOPCOMINC_04_21_1999-EX-10.28-SPONSORSHIP AGREEMENT,/Users/aaron/Projects/doc-proc-demo-1/data/pdfs/DRKOOPCOMINC_04_21_1999-EX-10.28-SPONSORSHIP AGREEMENT.PDF,8,39104,4888.0,pymupdf,0,0,0,,False,39104,random
"DUOSTECHNOLOGIESGROUP,INC_04_21_2009-EX-10.1-STRATEGIC ALLIANCE AGREEMENT","/Users/aaron/Projects/doc-proc-demo-1/data/pdfs/DUOSTECHNOLOGIESGROUP,INC_04_21_2009-EX-10.1-STRATEGIC ALLIANCE AGREEMENT.PDF",7,46175,6596.4,pymupdf,0,0,0,,False,46175,random
DYNAMEXINC_06_06_1996-EX-10.4-TRANSPORTATION SERVICES AGREEMENT,/Users/aaron/Projects/doc-proc-demo-1/data/pdfs/DYNAMEXINC_06_06_1996-EX-10.4-TRANSPORTATION SERVICES AGREEMENT.PDF,11,49267,4478.8,pymupdf,0,0,0,,False,49267,random
DYNTEKINC_07_30_1999-EX-10-ONLINE HOSTING AGREEMENT,/Users/aaron/Projects/doc-proc-demo-1/data/pdfs/DYNTEKINC_07_30_1999-EX-10-ONLINE HOSTING AGREEMENT.PDF,6,26758,4459.7,pymupdf,0,0,0,,False,26758,random
DataCallTechnologies_20060918_SB-2A_EX-10.9_944510_EX-10.9_Content License Agreement,/Users/aaron/Projects/doc-proc-demo-1/data/pdfs/DataCallTechnologies_20060918_SB-2A_EX-10.9_944510_EX-10.9_Content License Agreement.pdf,5,14060,2812.0,pymupdf,0,0,0,,False,14060,random
DeltathreeInc_19991102_S-1A_EX-10.19_6227850_EX-10.19_Co-Branding Agreement_ Service Agreement,/Users/aaron/Projects/doc-proc-demo-1/data/pdfs/DeltathreeInc_19991102_S-1A_EX-10.19_6227850_EX-10.19_Co-Branding Agreement_ Service Agreement.pdf,6,28782,4797.0,pymupdf,0,0,0,,False,28782,random
DigitalCinemaDestinationsCorp_20111220_S-1_EX-10.10_7346719_EX-10.10_Affiliate Agreement,/Users/aaron/Projects/doc-proc-demo-1/data/pdfs/DigitalCinemaDestinationsCorp_20111220_S-1_EX-10.10_7346719_EX-10.10_Affiliate Agreement.pdf,37,108439,2930.8,pymupdf,0,0,0,,False,108439,random
DovaPharmaceuticalsInc_20181108_10-Q_EX-10.2_11414857_EX-10.2_Promotion Agreement,/Users/aaron/Projects/doc-proc-demo-1/data/pdfs/DovaPharmaceuticalsInc_20181108_10-Q_EX-10.2_11414857_EX-10.2_Promotion Agreement.pdf,44,174889,3974.8,pymupdf,0,0,0,,False,174889,random
ELANDIAINTERNATIONALINC_04_25_2007-EX-10.21-Outsourcing Agreement,/Users/aaron/Projects/doc-proc-demo-1/data/pdfs/ELANDIAINTERNATIONALINC_04_25_2007-EX-10.21-Outsourcing Agreement.PDF,60,82854,1380.9,pymupdf,0,0,0,,False,82854,random
ELECTRAMECCANICA VEHICLES CORP. - Manufacturing Agreement,/Users/aaron/Projects/doc-proc-demo-1/data/pdfs/ELECTRAMECCANICA VEHICLES CORP. - Manufacturing Agreement .PDF,20,47893,2394.7,pymupdf,0,0,0,,False,47893,random
"ELFBEAUTY,INC_07_02_2020-EX-10.1-COOPERATION AGREEMENT","/Users/aaron/Projects/doc-proc-demo-1/data/pdfs/ELFBEAUTY,INC_07_02_2020-EX-10.1-COOPERATION AGREEMENT.PDF",13,45338,3487.5,pymupdf,0,0,0,,False,45338,random
EMERALDHEALTHTHERAPEUTICSINC_06_10_2020-EX-4.5-CONSULTING AGREEMENT - DR. GAETANO MORELLO N.D. INC.,/Users/aaron/Projects/doc-proc-demo-1/data/pdfs/EMERALDHEALTHTHERAPEUTICSINC_06_10_2020-EX-4.5-CONSULTING AGREEMENT - DR. GAETANO MORELLO N.D. INC..PDF,8,20567,2570.9,pymupdf,0,0,0,,False,20567,random
ENERGOUSCORP_03_16_2017-EX-10.24-STRATEGIC ALLIANCE AGREEMENT,/Users/aaron/Projects/doc-proc-demo-1/data/pdfs/ENERGOUSCORP_03_16_2017-EX-10.24-STRATEGIC ALLIANCE AGREEMENT.PDF,32,81885,2558.9,pymupdf,0,0,0,,False,81885,random
ENERGYXXILTD_05_08_2015-EX-10.13-Transportation AGREEMENT,/Users/aaron/Projects/doc-proc-demo-1/data/pdfs/ENERGYXXILTD_05_08_2015-EX-10.13-Transportation AGREEMENT.PDF,25,60948,2437.9,pymupdf,0,0,0,,False,60948,random
ENTERPRISEPRODUCTSPARTNERSLP_07_08_1998-EX-10.3-TRANSPORTATION CONTRACT,/Users/aaron/Projects/doc-proc-demo-1/data/pdfs/ENTERPRISEPRODUCTSPARTNERSLP_07_08_1998-EX-10.3-TRANSPORTATION CONTRACT.PDF,16,74710,4669.4,pymupdf,0,0,0,,False,74710,random
ENTERTAINMENTGAMINGASIAINC_02_15_2005-EX-10.5-DISTRIBUTOR AGREEMENT,/Users/aaron/Projects/doc-proc-demo-1/data/pdfs/ENTERTAINMENTGAMINGASIAINC_02_15_2005-EX-10.5-DISTRIBUTOR AGREEMENT.PDF,16,44513,2782.1,pymupdf,0,0,0,,False,44513,random
ENTRUSTINC_07_24_1998-EX-10.5-STRATEGIC ALLIANCE AGREEMENT,/Users/aaron/Projects/doc-proc-demo-1/data/pdfs/ENTRUSTINC_07_24_1998-EX-10.5-STRATEGIC ALLIANCE AGREEMENT.PDF,9,46419,5157.7,pymupdf,0,0,0,,False,46419,random
"ETELOS,INC_03_09_2004-EX-10.8-DISTRIBUTOR AGREEMENT","/Users/aaron/Projects/doc-proc-demo-1/data/pdfs/ETELOS,INC_03_09_2004-EX-10.8-DISTRIBUTOR AGREEMENT.PDF",9,25511,2834.6,pymupdf,0,0,0,,False,25511,random
EUROPEANMICROHOLDINGSINC_03_06_1998-EX-10.6-DISTRIBUTOR AGREEMENT,/Users/aaron/Projects/doc-proc-demo-1/data/pdfs/EUROPEANMICROHOLDINGSINC_03_06_1998-EX-10.6-DISTRIBUTOR AGREEMENT.PDF,12,56808,4734.0,pymupdf,0,0,0,,False,56808,random
EbixInc_20010515_10-Q_EX-10.3_4049767_EX-10.3_Co-Branding Agreement,/Users/aaron/Projects/doc-proc-demo-1/data/pdfs/EbixInc_20010515_10-Q_EX-10.3_4049767_EX-10.3_Co-Branding Agreement.pdf,8,42880,5360.0,pymupdf,0,0,0,,False,42880,random
EcoScienceSolutionsInc_20171117_8-K_EX-10.1_10956472_EX-10.1_Endorsement Agreement,/Users/aaron/Projects/doc-proc-demo-1/data/pdfs/EcoScienceSolutionsInc_20171117_8-K_EX-10.1_10956472_EX-10.1_Endorsement Agreement.pdf,7,18019,2574.1,pymupdf,0,0,0,,False,18019,random
EcoScienceSolutionsInc_20180406_8-K_EX-10.1_11135398_EX-10.1_Sponsorship Agreement,/Users/aaron/Projects/doc-proc-demo-1/data/pdfs/EcoScienceSolutionsInc_20180406_8-K_EX-10.1_11135398_EX-10.1_Sponsorship Agreement.pdf,3,8022,2674.0,pymupdf,0,0,0,,False,8022,random
EdietsComInc_20001030_10QSB_EX-10.4_2606646_EX-10.4_Co-Branding Agreement,/Users/aaron/Projects/doc-proc-demo-1/data/pdfs/EdietsComInc_20001030_10QSB_EX-10.4_2606646_EX-10.4_Co-Branding Agreement.pdf,13,63966,4920.5,pymupdf,0,0,0,,False,63966,random
EhaveInc_20190515_20-F_EX-4.44_11678816_EX-4.44_License Agreement_ Reseller Agreement,/Users/aaron/Projects/doc-proc-demo-1/data/pdfs/EhaveInc_20190515_20-F_EX-4.44_11678816_EX-4.44_License Agreement_ Reseller Agreement.pdf,27,86940,3220.0,pymupdf,0,0,0,,False,86940,random
ElPolloLocoHoldingsInc_20200306_10-K_EX-10.16_12041700_EX-10.16_Development Agreement,/Users/aaron/Projects/doc-proc-demo-1/data/pdfs/ElPolloLocoHoldingsInc_20200306_10-K_EX-10.16_12041700_EX-10.16_Development Agreement.pdf,14,60430,4316.4,pymupdf,0,0,0,,False,60430,random
EmbarkComInc_19991008_S-1A_EX-10.10_6487661_EX-10.10_Co-Branding Agreement,/Users/aaron/Projects/doc-proc-demo-1/data/pdfs/EmbarkComInc_19991008_S-1A_EX-10.10_6487661_EX-10.10_Co-Branding Agreement.pdf,9,35039,3893.2,pymupdf,0,0,0,,False,35039,random
EmeraldHealthBioceuticalsInc_20200218_1-A_EX1A-6 MAT CTRCT_11987205_EX1A-6 MAT CTRCT_Development Agreement,/Users/aaron/Projects/doc-proc-demo-1/data/pdfs/EmeraldHealthBioceuticalsInc_20200218_1-A_EX1A-6 MAT CTRCT_11987205_EX1A-6 MAT CTRCT_Development Agreement.pdf,6,16408,2734.7,pymupdf,0,0,0,,False,16408,random
EmmisCommunicationsCorp_20191125_8-K_EX-10.6_11906433_EX-10.6_Marketing Agreement,/Users/aaron/Projects/doc-proc-demo-1/data/pdfs/EmmisCommunicationsCorp_20191125_8-K_EX-10.6_11906433_EX-10.6_Marketing Agreement.pdf,7,17238,2462.6,pymupdf,0,0,0,,False,17238,random
EtonPharmaceuticalsInc_20191114_10-Q_EX-10.1_11893941_EX-10.1_Development Agreement,/Users/aaron/Projects/doc-proc-demo-1/data/pdfs/EtonPharmaceuticalsInc_20191114_10-Q_EX-10.1_11893941_EX-10.1_Development Agreement.pdf,23,65564,2850.6,pymupdf,0,0,0,,False,65564,random
EuromediaHoldingsCorp_20070215_10SB12G_EX-10.B(01)_525118_EX-10.B(01)_Content License Agreement,/Users/aaron/Projects/doc-proc-demo-1/data/pdfs/EuromediaHoldingsCorp_20070215_10SB12G_EX-10.B(01)_525118_EX-10.B(01)_Content License Agreement.pdf,12,30020,2501.7,pymupdf,0,0,0,,False,30020,random
ExactSciencesCorp_20180822_8-K_EX-10.1_11331629_EX-10.1_Promotion Agreement,/Users/aaron/Projects/doc-proc-demo-1/data/pdfs/ExactSciencesCorp_20180822_8-K_EX-10.1_11331629_EX-10.1_Promotion Agreement.pdf,59,158940,2693.9,pymupdf,0,0,0,,False,158940,random
FEDERATEDGOVERNMENTINCOMESECURITIESINC_04_28_2020-EX-99.SERV AGREE-SERVICES AGREEMENT,/Users/aaron/Projects/doc-proc-demo-1/data/pdfs/FEDERATEDGOVERNMENTINCOMESECURITIESINC_04_28_2020-EX-99.SERV AGREE-SERVICES AGREEMENT.pdf,4,10994,2748.5,pymupdf,0,0,0,,False,10994,random
FEDERATEDGOVERNMENTINCOMESECURITIESINC_04_28_2020-EX-99.SERV AGREE-SERVICES AGREEMENT_AMENDMENT,/Users/aaron/Projects/doc-proc-demo-1/data/pdfs/FEDERATEDGOVERNMENTINCOMESECURITIESINC_04_28_2020-EX-99.SERV AGREE-SERVICES AGREEMENT_AMENDMENT.pdf,1,3847,3847.0,pymupdf,0,0,0,,False,3847,random
FEDERATEDGOVERNMENTINCOMESECURITIESINC_04_28_2020-EX-99.SERV AGREE-SERVICES AGREEMENT_POWEROF,/Users/aaron/Projects/doc-proc-demo-1/data/pdfs/FEDERATEDGOVERNMENTINCOMESECURITIESINC_04_28_2020-EX-99.SERV AGREE-SERVICES AGREEMENT_POWEROF.pdf,5,14360,2872.0,pymupdf,0,0,0,,False,14360,random
FEDERATEDGOVERNMENTINCOMESECURITIESINC_04_28_2020-EX-99.SERV AGREE-SERVICES AGREEMENT_SECONDAMENDMENT,/Users/aaron/Projects/doc-proc-demo-1/data/pdfs/FEDERATEDGOVERNMENTINCOMESECURITIESINC_04_28_2020-EX-99.SERV AGREE-SERVICES AGREEMENT_SECONDAMENDMENT.pdf,1,5467,5467.0,pymupdf,0,0,0,,False,5467,random
FIBROGENINC_10_01_2014-EX-10.11-COLLABORATION AGREEMENT,/Users/aaron/Projects/doc-proc-demo-1/data/pdfs/FIBROGENINC_10_01_2014-EX-10.11-COLLABORATION AGREEMENT.PDF,53,155309,2930.4,pymupdf,0,0,0,,False,155309,random
"FIDELITYNATIONALINFORMATIONSERVICES,INC_08_05_2009-EX-10.3-INTELLECTUAL PROPERTY AGREEMENT","/Users/aaron/Projects/doc-proc-demo-1/data/pdfs/FIDELITYNATIONALINFORMATIONSERVICES,INC_08_05_2009-EX-10.3-INTELLECTUAL PROPERTY AGREEMENT.PDF",31,155098,5003.2,pymupdf,0,0,0,,False,155098,random
FLOTEKINDUSTRIESINCCN_05_09_2019-EX-10.1-SUPPLY AGREEMENT,/Users/aaron/Projects/doc-proc-demo-1/data/pdfs/FLOTEKINDUSTRIESINCCN_05_09_2019-EX-10.1-SUPPLY AGREEMENT.PDF,6,19269,3211.5,pymupdf,0,0,0,,False,19269,random
"FOUNDATIONMEDICINE,INC_02_02_2015-EX-10.2-Collaboration Agreement","/Users/aaron/Projects/doc-proc-demo-1/data/pdfs/FOUNDATIONMEDICINE,INC_02_02_2015-EX-10.2-Collaboration Agreement.PDF",74,171568,2318.5,pymupdf,0,0,0,,False,171568,random
"FTENETWORKS,INC_02_18_2016-EX-99.4-STRATEGIC ALLIANCE AGREEMENT","/Users/aaron/Projects/doc-proc-demo-1/data/pdfs/FTENETWORKS,INC_02_18_2016-EX-99.4-STRATEGIC ALLIANCE AGREEMENT.PDF",15,37841,2522.7,pymupdf,0,0,0,,False,37841,random
FUSIONPHARMACEUTICALSINC_06_05_2020-EX-10.17-Supply Agreement - FUSION,/Users/aaron/Projects/doc-proc-demo-1/data/pdfs/FUSIONPHARMACEUTICALSINC_06_05_2020-EX-10.17-Supply Agreement - FUSION.PDF,14,40539,2895.6,pymupdf,0,0,0,,False,40539,random
FerroglobePlc_20150624_F-4A_EX-10.20_9154746_EX-10.20_Outsourcing Agreement,/Users/aaron/Projects/doc-proc-demo-1/data/pdfs/FerroglobePlc_20150624_F-4A_EX-10.20_9154746_EX-10.20_Outsourcing Agreement.pdf,19,30473,1603.8,pymupdf,0,0,0,,False,30473,random
Freecook_20180605_S-1_EX-10.3_11233807_EX-10.3_Hosting Agreement,/Users/aaron/Projects/doc-proc-demo-1/data/pdfs/Freecook_20180605_S-1_EX-10.3_11233807_EX-10.3_Hosting Agreement.pdf,3,6315,2105.0,pymupdf,0,0,0,,False,6315,random
FreezeTagInc_20180411_8-K_EX-10.1_11139603_EX-10.1_Sponsorship Agreement,/Users/aaron/Projects/doc-proc-demo-1/data/pdfs/FreezeTagInc_20180411_8-K_EX-10.1_11139603_EX-10.1_Sponsorship Agreement.pdf,11,26703,2427.5,pymupdf,0,0,0,,False,26703,random
FuelcellEnergyInc_20191106_8-K_EX-10.1_11868007_EX-10.1_Development Agreement,/Users/aaron/Projects/doc-proc-demo-1/data/pdfs/FuelcellEnergyInc_20191106_8-K_EX-10.1_11868007_EX-10.1_Development Agreement.pdf,33,105201,3187.9,pymupdf,0,0,0,,False,105201,random
FulucaiProductionsLtd_20131223_10-Q_EX-10.9_8368347_EX-10.9_Content License Agreement,/Users/aaron/Projects/doc-proc-demo-1/data/pdfs/FulucaiProductionsLtd_20131223_10-Q_EX-10.9_8368347_EX-10.9_Content License Agreement.pdf,8,18405,2300.6,pymupdf,0,0,0,,False,18405,random
FuseMedicalInc_20190321_10-K_EX-10.43_11575454_EX-10.43_Distributor Agreement,/Users/aaron/Projects/doc-proc-demo-1/data/pdfs/FuseMedicalInc_20190321_10-K_EX-10.43_11575454_EX-10.43_Distributor Agreement.pdf,20,32188,1609.4,pymupdf,0,0,0,,False,32188,random
GAINSCOINC_01_21_2010-EX-10.41-SPONSORSHIP AGREEMENT,/Users/aaron/Projects/doc-proc-demo-1/data/pdfs/GAINSCOINC_01_21_2010-EX-10.41-SPONSORSHIP AGREEMENT.PDF,6,15701,2616.8,pymupdf,0,0,0,,False,15701,random
GALACTICOMMTECHNOLOGIESINC_11_07_1997-EX-10.46-WEB HOSTING AGREEMENT,/Users/aaron/Projects/doc-proc-demo-1/data/pdfs/GALACTICOMMTECHNOLOGIESINC_11_07_1997-EX-10.46-WEB HOSTING AGREEMENT.PDF,1,1719,1719.0,pymupdf,0,0,0,,False,1719,random
"GALERATHERAPEUTICS,INC_02_14_2020-EX-99.A-JOINT FILING AGREEMENT","/Users/aaron/Projects/doc-proc-demo-1/data/pdfs/GALERATHERAPEUTICS,INC_02_14_2020-EX-99.A-JOINT FILING AGREEMENT.PDF",3,3860,1286.7,pymupdf,0,0,0,,False,3860,random
"GIGGLESN_HUGS,INC_06_23_2016-EX-10.2-STRATEGIC ALLIANCE AGREEMENT","/Users/aaron/Projects/doc-proc-demo-1/data/pdfs/GIGGLESN_HUGS,INC_06_23_2016-EX-10.2-STRATEGIC ALLIANCE AGREEMENT.PDF",8,22339,2792.4,pymupdf,0,0,0,,False,22339,random
GLOBALTECHNOLOGIESLTD_06_08_2020-EX-10.16-CONSULTING AGREEMENT,/Users/aaron/Projects/doc-proc-demo-1/data/pdfs/GLOBALTECHNOLOGIESLTD_06_08_2020-EX-10.16-CONSULTING AGREEMENT.PDF,7,20788,2969.7,pymupdf,0,0,0,,False,20788,random
GOCALLINC_03_30_2000-EX-10.7-Promotion Agreement,/Users/aaron/Projects/doc-proc-demo-1/data/pdfs/GOCALLINC_03_30_2000-EX-10.7-Promotion Agreement.PDF,5,22302,4460.4,pymupdf,0,0,0,,False,22302,random
GOLDRESOURCECORP_12_11_2008-EX-10.1-STRATEGIC ALLIANCE AGREEMENT,/Users/aaron/Projects/doc-proc-demo-1/data/pdfs/GOLDRESOURCECORP_12_11_2008-EX-10.1-STRATEGIC ALLIANCE AGREEMENT.PDF,19,55123,2901.2,pymupdf,0,0,0,,False,55123,random
"GOOSEHEADINSURANCE,INC_04_02_2018-EX-10.6-Franchise Agreement","/Users/aaron/Projects/doc-proc-demo-1/data/pdfs/GOOSEHEADINSURANCE,INC_04_02_2018-EX-10.6-Franchise Agreement.PDF",115,300050,2609.1,pymupdf,0,0,0,,False,300050,random
GRANTIERRAENERGYINC_05_07_2012-EX-10.6-TRANSPORTATION CONTRACT,/Users/aaron/Projects/doc-proc-demo-1/data/pdfs/GRANTIERRAENERGYINC_05_07_2012-EX-10.6-TRANSPORTATION CONTRACT.PDF,106,228571,2156.3,pymupdf,0,0,0,,False,228571,random
"GRIDIRONBIONUTRIENTS,INC_02_05_2020-EX-10.3-SUPPLY AGREEMENT","/Users/aaron/Projects/doc-proc-demo-1/data/pdfs/GRIDIRONBIONUTRIENTS,INC_02_05_2020-EX-10.3-SUPPLY AGREEMENT.PDF",3,5705,1901.7,pymupdf,0,0,0,,False,5705,random
"GSITECHNOLOGYINC_11_16_2009-EX-10.2-INTELLECTUAL PROPERTY AGREEMENT between SONY ELECTRONICS INC. and GSI TECHNOLOGY, INC.","/Users/aaron/Projects/doc-proc-demo-1/data/pdfs/GSITECHNOLOGYINC_11_16_2009-EX-10.2-INTELLECTUAL PROPERTY AGREEMENT between SONY ELECTRONICS INC. and GSI TECHNOLOGY, INC..PDF",23,37031,1610.0,pymupdf,0,0,0,,False,37031,random
GSVINC_05_15_1998-EX-10-SPONSORSHIP AGREEMENT,/Users/aaron/Projects/doc-proc-demo-1/data/pdfs/GSVINC_05_15_1998-EX-10-SPONSORSHIP AGREEMENT.PDF,10,50789,5078.9,pymupdf,0,0,0,,False,50789,random
GULFSOUTHMEDICALSUPPLYINC_12_24_1997-EX-4-AFFILIATE AGREEMENT,/Users/aaron/Projects/doc-proc-demo-1/data/pdfs/GULFSOUTHMEDICALSUPPLYINC_12_24_1997-EX-4-AFFILIATE AGREEMENT.PDF,8,26969,3371.1,pymupdf,0,0,0,,False,26969,random
"GWG HOLDINGS, INC. - ORDERLY MARKETING AGREEMENT","/Users/aaron/Projects/doc-proc-demo-1/data/pdfs/GWG HOLDINGS, INC. - ORDERLY MARKETING AGREEMENT.PDF",17,25386,1493.3,pymupdf,0,0,0,,False,25386,random
GarrettMotionInc_20181001_8-K_EX-2.4_11364532_EX-2.4_Intellectual Property Agreement,/Users/aaron/Projects/doc-proc-demo-1/data/pdfs/GarrettMotionInc_20181001_8-K_EX-2.4_11364532_EX-2.4_Intellectual Property Agreement.pdf,22,56262,2557.4,pymupdf,0,0,0,,False,56262,random
GentechHoldingsInc_20190808_1-A_EX1A-6 MAT CTRCT_11776814_EX1A-6 MAT CTRCT_Distributor Agreement,/Users/aaron/Projects/doc-proc-demo-1/data/pdfs/GentechHoldingsInc_20190808_1-A_EX1A-6 MAT CTRCT_11776814_EX1A-6 MAT CTRCT_Distributor Agreement.pdf,14,26670,1905.0,pymupdf,0,0,0,,False,26670,random
GlobalTechnologiesGroupInc_20050928_10KSB_EX-10.9_4148808_EX-10.9_Content License Agreement,/Users/aaron/Projects/doc-proc-demo-1/data/pdfs/GlobalTechnologiesGroupInc_20050928_10KSB_EX-10.9_4148808_EX-10.9_Content License Agreement.pdf,12,39438,3286.5,pymupdf,0,0,0,,False,39438,random
GluMobileInc_20070319_S-1A_EX-10.09_436630_EX-10.09_Content License Agreement1,/Users/aaron/Projects/doc-proc-demo-1/data/pdfs/GluMobileInc_20070319_S-1A_EX-10.09_436630_EX-10.09_Content License Agreement1.pdf,47,112602,2395.8,pymupdf,0,0,0,,False,112602,random
GluMobileInc_20070319_S-1A_EX-10.09_436630_EX-10.09_Content License Agreement2,/Users/aaron/Projects/doc-proc-demo-1/data/pdfs/GluMobileInc_20070319_S-1A_EX-10.09_436630_EX-10.09_Content License Agreement2.pdf,5,11905,2381.0,pymupdf,0,0,0,,False,11905,random
GluMobileInc_20070319_S-1A_EX-10.09_436630_EX-10.09_Content License Agreement3,/Users/aaron/Projects/doc-proc-demo-1/data/pdfs/GluMobileInc_20070319_S-1A_EX-10.09_436630_EX-10.09_Content License Agreement3.pdf,2,3399,1699.5,pymupdf,0,0,0,,False,3399,random
GluMobileInc_20070319_S-1A_EX-10.09_436630_EX-10.09_Content License Agreement4,/Users/aaron/Projects/doc-proc-demo-1/data/pdfs/GluMobileInc_20070319_S-1A_EX-10.09_436630_EX-10.09_Content License Agreement4.pdf,1,1914,1914.0,pymupdf,0,0,0,,False,1914,random
GopageCorp_20140221_10-K_EX-10.1_8432966_EX-10.1_Content License Agreement,/Users/aaron/Projects/doc-proc-demo-1/data/pdfs/GopageCorp_20140221_10-K_EX-10.1_8432966_EX-10.1_Content License Agreement.pdf,20,39237,1961.8,pymupdf,0,0,0,,False,39237,random
GpaqAcquisitionHoldingsInc_20200123_S-4A_EX-10.6_11951677_EX-10.6_License Agreement,/Users/aaron/Projects/doc-proc-demo-1/data/pdfs/GpaqAcquisitionHoldingsInc_20200123_S-4A_EX-10.6_11951677_EX-10.6_License Agreement.pdf,17,45157,2656.3,pymupdf,0,0,0,,False,45157,random
GpaqAcquisitionHoldingsInc_20200123_S-4A_EX-10.8_11951679_EX-10.8_Service Agreement,/Users/aaron/Projects/doc-proc-demo-1/data/pdfs/GpaqAcquisitionHoldingsInc_20200123_S-4A_EX-10.8_11951679_EX-10.8_Service Agreement.pdf,25,54945,2197.8,pymupdf,0,0,0,,False,54945,random
GridironBionutrientsInc_20171206_8-K_EX-10.1_10972555_EX-10.1_Endorsement Agreement,/Users/aaron/Projects/doc-proc-demo-1/data/pdfs/GridironBionutrientsInc_20171206_8-K_EX-10.1_10972555_EX-10.1_Endorsement Agreement.pdf,12,29188,2432.3,pymupdf,0,0,0,,False,29188,random
GridironBionutrientsInc_20171206_8-K_EX-10.2_10972556_EX-10.2_Endorsement Agreement,/Users/aaron/Projects/doc-proc-demo-1/data/pdfs/GridironBionutrientsInc_20171206_8-K_EX-10.2_10972556_EX-10.2_Endorsement Agreement.pdf,2,3479,1739.5,pymupdf,0,0,0,,False,3479,random
"HALITRON,INC_03_01_2005-EX-10.15-SPONSORSHIP AND DEVELOPMENT AGREEMENT","/Users/aaron/Projects/doc-proc-demo-1/data/pdfs/HALITRON,INC_03_01_2005-EX-10.15-SPONSORSHIP AND DEVELOPMENT AGREEMENT.PDF",6,30058,5009.7,pymupdf,0,0,0,,False,30058,random
"HC2HOLDINGS,INC_05_14_2020-EX-10.1-COOPERATION AGREEMENT","/Users/aaron/Projects/doc-proc-demo-1/data/pdfs/HC2HOLDINGS,INC_05_14_2020-EX-10.1-COOPERATION AGREEMENT.PDF",17,54811,3224.2,pymupdf,0,0,0,,False,54811,random
HEALTHGATEDATACORP_11_24_1999-EX-10.1-HOSTING AND MANAGEMENT AGREEMENT (1),/Users/aaron/Projects/doc-proc-demo-1/data/pdfs/HEALTHGATEDATACORP_11_24_1999-EX-10.1-HOSTING AND MANAGEMENT AGREEMENT (1).pdf,33,147912,4482.2,pymupdf,0,0,0,,False,147912,random
HEALTHGATEDATACORP_11_24_1999-EX-10.1-HOSTING AND MANAGEMENT AGREEMENT - Escrow Agreement,/Users/aaron/Projects/doc-proc-demo-1/data/pdfs/HEALTHGATEDATACORP_11_24_1999-EX-10.1-HOSTING AND MANAGEMENT AGREEMENT - Escrow Agreement.pdf,10,35358,3535.8,pymupdf,0,0,0,,False,35358,random
"HEMISPHERX - Sales, Marketing, Distribution, and Supply Agreement","/Users/aaron/Projects/doc-proc-demo-1/data/pdfs/HEMISPHERX - Sales, Marketing, Distribution, and Supply Agreement.PDF",28,73649,2630.3,pymupdf,0,0,0,,False,73649,random
"HERTZGLOBALHOLDINGS,INC_07_07_2016-EX-10.4-INTELLECTUAL PROPERTY AGREEMENT","/Users/aaron/Projects/doc-proc-demo-1/data/pdfs/HERTZGLOBALHOLDINGS,INC_07_07_2016-EX-10.4-INTELLECTUAL PROPERTY AGREEMENT.PDF",12,31057,2588.1,pymupdf,0,0,0,,False,31057,random
HOLIDAYRVSUPERSTORESINC_04_15_2002-EX-10.13-ENDORSEMENT AGREEMENT,/Users/aaron/Projects/doc-proc-demo-1/data/pdfs/HOLIDAYRVSUPERSTORESINC_04_15_2002-EX-10.13-ENDORSEMENT AGREEMENT.PDF,4,14170,3542.5,pymupdf,0,0,0,,False,14170,random
"HOSPITALITYINVESTORSTRUST,INC_04_07_2014-EX-10.26-FRANCHISE AGREEMENT","/Users/aaron/Projects/doc-proc-demo-1/data/pdfs/HOSPITALITYINVESTORSTRUST,INC_04_07_2014-EX-10.26-FRANCHISE AGREEMENT.PDF",48,146916,3060.8,pymupdf,0,0,0,,False,146916,random
HPILHOLDING_01_07_2015-EX-99.1-COOPERATION AGREEMENT,/Users/aaron/Projects/doc-proc-demo-1/data/pdfs/HPILHOLDING_01_07_2015-EX-99.1-COOPERATION AGREEMENT.PDF,9,20006,2222.9,pymupdf,0,0,0,,False,20006,random
HUBEIMINKANGPHARMACEUTICALLTD_09_19_2006-EX-10.1-OUTSOURCING AGREEMENT,/Users/aaron/Projects/doc-proc-demo-1/data/pdfs/HUBEIMINKANGPHARMACEUTICALLTD_09_19_2006-EX-10.1-OUTSOURCING AGREEMENT.PDF,5,11305,2261.0,pymupdf,0,0,0,,False,11305,random
HYDRONTECHNOLOGIESINC_03_31_1997-EX-10.47-SPONSORSHIP AGREEMENT,/Users/aaron/Projects/doc-proc-demo-1/data/pdfs/HYDRONTECHNOLOGIESINC_03_31_1997-EX-10.47-SPONSORSHIP AGREEMENT.PDF,6,28859,4809.8,pymupdf,0,0,0,,False,28859,random
HYPERIONSOFTWARECORP_09_28_1994-EX-10.47-EXCLUSIVE DISTRIBUTOR AGREEMENT,/Users/aaron/Projects/doc-proc-demo-1/data/pdfs/HYPERIONSOFTWARECORP_09_28_1994-EX-10.47-EXCLUSIVE DISTRIBUTOR AGREEMENT.PDF,9,37930,4214.4,pymupdf,0,0,0,,False,37930,random
HarpoonTherapeuticsInc_20200312_10-K_EX-10.18_12051356_EX-10.18_Development Agreement_Option Agreement,/Users/aaron/Projects/doc-proc-demo-1/data/pdfs/HarpoonTherapeuticsInc_20200312_10-K_EX-10.18_12051356_EX-10.18_Development Agreement_Option Agreement.pdf,85,248616,2924.9,pymupdf,0,0,0,,False,248616,random
HealthcareIntegratedTechnologiesInc_20190812_8-K_EX-10.1_11776966_EX-10.1_Reseller Agreement,/Users/aaron/Projects/doc-proc-demo-1/data/pdfs/HealthcareIntegratedTechnologiesInc_20190812_8-K_EX-10.1_11776966_EX-10.1_Reseller Agreement.pdf,5,22201,4440.2,pymupdf,0,0,0,,False,22201,random
HealthcentralCom_19991108_S-1A_EX-10.27_6623292_EX-10.27_Co-Branding Agreement,/Users/aaron/Projects/doc-proc-demo-1/data/pdfs/HealthcentralCom_19991108_S-1A_EX-10.27_6623292_EX-10.27_Co-Branding Agreement.pdf,13,44873,3451.8,pymupdf,0,0,0,,False,44873,random
HerImports_20161018_8-KA_EX-10.14_9765707_EX-10.14_Maintenance Agreement,/Users/aaron/Projects/doc-proc-demo-1/data/pdfs/HerImports_20161018_8-KA_EX-10.14_9765707_EX-10.14_Maintenance Agreement.pdf,6,10250,1708.3,pymupdf,0,0,0,,False,10250,random
HertzGroupRealtyTrustInc_20190920_S-11A_EX-10.8_11816941_EX-10.8_Trademark License Agreement,/Users/aaron/Projects/doc-proc-demo-1/data/pdfs/HertzGroupRealtyTrustInc_20190920_S-11A_EX-10.8_11816941_EX-10.8_Trademark License Agreement.pdf,7,14281,2040.1,pymupdf,0,0,0,,False,14281,random
HfEnterprisesInc_20191223_S-1_EX-10.22_11931299_EX-10.22_Development Agreement,/Users/aaron/Projects/doc-proc-demo-1/data/pdfs/HfEnterprisesInc_20191223_S-1_EX-10.22_11931299_EX-10.22_Development Agreement.pdf,8,19455,2431.9,pymupdf,0,0,0,,False,19455,random
ICORECONNECTINC_10_13_2010-EX-7.1-Strategic Alliance Agreement,/Users/aaron/Projects/doc-proc-demo-1/data/pdfs/ICORECONNECTINC_10_13_2010-EX-7.1-Strategic Alliance Agreement.PDF,9,25105,2789.4,pymupdf,0,0,0,,False,25105,random
IDREAMSKYTECHNOLOGYLTD_07_03_2014-EX-10.39-Cooperation Agreement on Mobile Game Business,/Users/aaron/Projects/doc-proc-demo-1/data/pdfs/IDREAMSKYTECHNOLOGYLTD_07_03_2014-EX-10.39-Cooperation Agreement on Mobile Game Business.PDF,29,76235,2628.8,pymupdf,0,0,0,,False,76235,random
IGENEBIOTECHNOLOGYINC_05_13_2003-EX-1-JOINT VENTURE AGREEMENT,/Users/aaron/Projects/doc-proc-demo-1/data/pdfs/IGENEBIOTECHNOLOGYINC_05_13_2003-EX-1-JOINT VENTURE AGREEMENT.PDF,17,70325,4136.8,pymupdf,0,0,0,,False,70325,random
IMAGEWARESYSTEMSINC_12_20_1999-EX-10.22-MAINTENANCE AGREEMENT,/Users/aaron/Projects/doc-proc-demo-1/data/pdfs/IMAGEWARESYSTEMSINC_12_20_1999-EX-10.22-MAINTENANCE AGREEMENT.PDF,6,22368,3728.0,pymupdf,0,0,0,,False,22368,random
IMMUNOMEDICSINC_08_07_2019-EX-10.1-PROMOTION AGREEMENT,/Users/aaron/Projects/doc-proc-demo-1/data/pdfs/IMMUNOMEDICSINC_08_07_2019-EX-10.1-PROMOTION AGREEMENT.PDF,66,154196,2336.3,pymupdf,0,0,0,,False,154196,random
IMPCOTECHNOLOGIESINC_04_15_2003-EX-10.65-JOINT VENTURE AGREEMENT,/Users/aaron/Projects/doc-proc-demo-1/data/pdfs/IMPCOTECHNOLOGIESINC_04_15_2003-EX-10.65-JOINT VENTURE AGREEMENT.PDF,28,63362,2262.9,pymupdf,0,0,0,,False,63362,random
INGEVITYCORP_05_16_2016-EX-10.5-INTELLECTUAL PROPERTY AGREEMENT,/Users/aaron/Projects/doc-proc-demo-1/data/pdfs/INGEVITYCORP_05_16_2016-EX-10.5-INTELLECTUAL PROPERTY AGREEMENT.PDF,20,63381,3169.1,pymupdf,0,0,0,,False,63381,random
INKTOMICORP_06_08_1998-EX-10.14-SOFTWARE HOSTING AGREEMENT,/Users/aaron/Projects/doc-proc-demo-1/data/pdfs/INKTOMICORP_06_08_1998-EX-10.14-SOFTWARE HOSTING AGREEMENT.PDF,17,70411,4141.8,pymupdf,0,0,0,,False,70411,random
"INNOVIVA,INC_08_07_2014-EX-10.1-COLLABORATION AGREEMENT","/Users/aaron/Projects/doc-proc-demo-1/data/pdfs/INNOVIVA,INC_08_07_2014-EX-10.1-COLLABORATION AGREEMENT.PDF",66,191626,2903.4,pymupdf,0,0,0,,False,191626,random
"INTELLIGENTHIGHWAYSOLUTIONS,INC_01_18_2018-EX-10.1-Strategic Alliance Agreement","/Users/aaron/Projects/doc-proc-demo-1/data/pdfs/INTELLIGENTHIGHWAYSOLUTIONS,INC_01_18_2018-EX-10.1-Strategic Alliance Agreement.PDF",6,8365,1394.2,pymupdf,0,0,0,,False,8365,random
INTERNATIONALFASTFOODCORP_04_04_1997-EX-99-FRANCHISE AGREEMENT,/Users/aaron/Projects/doc-proc-demo-1/data/pdfs/INTERNATIONALFASTFOODCORP_04_04_1997-EX-99-FRANCHISE AGREEMENT.PDF,27,116477,4314.0,pymupdf,0,0,0,,False,116477,random
"INTERSECTENT,INC_05_11_2020-EX-10.1-SUPPLY AGREEMENT","/Users/aaron/Projects/doc-proc-demo-1/data/pdfs/INTERSECTENT,INC_05_11_2020-EX-10.1-SUPPLY AGREEMENT.PDF",11,37928,3448.0,pymupdf,0,0,0,,False,37928,random
INTRICONCORP_03_10_2009-EX-10.22-Strategic Alliance Agreement,/Users/aaron/Projects/doc-proc-demo-1/data/pdfs/INTRICONCORP_03_10_2009-EX-10.22-Strategic Alliance Agreement.PDF,25,51999,2080.0,pymupdf,0,0,0,,False,51999,random
"IOVANCEBIOTHERAPEUTICS,INC_08_03_2017-EX-10.1-STRATEGIC ALLIANCE AGREEMENT","/Users/aaron/Projects/doc-proc-demo-1/data/pdfs/IOVANCEBIOTHERAPEUTICS,INC_08_03_2017-EX-10.1-STRATEGIC ALLIANCE AGREEMENT.PDF",22,69227,3146.7,pymupdf,0,0,0,,False,69227,random
"IPAYMENT,INC_05_14_2007-EX-10.1-SPONSORSHIP AGREEMENT","/Users/aaron/Projects/doc-proc-demo-1/data/pdfs/IPAYMENT,INC_05_14_2007-EX-10.1-SPONSORSHIP AGREEMENT.PDF",45,96457,2143.5,pymupdf,0,0,0,,False,96457,random
IVILLAGEINC_03_17_1999-EX-10.16-SPONSORSHIP AGREEMENT,/Users/aaron/Projects/doc-proc-demo-1/data/pdfs/IVILLAGEINC_03_17_1999-EX-10.16-SPONSORSHIP AGREEMENT.PDF,5,23660,4732.0,pymupdf,0,0,0,,False,23660,random
IbioInc_20200313_8-K_EX-10.1_12052678_EX-10.1_Development Agreement,/Users/aaron/Projects/doc-proc-demo-1/data/pdfs/IbioInc_20200313_8-K_EX-10.1_12052678_EX-10.1_Development Agreement.pdf,12,30487,2540.6,pymupdf,0,0,0,,False,30487,random
IdeanomicsInc_20151124_8-K_EX-10.2_9354744_EX-10.2_Content License Agreement,/Users/aaron/Projects/doc-proc-demo-1/data/pdfs/IdeanomicsInc_20151124_8-K_EX-10.2_9354744_EX-10.2_Content License Agreement.pdf,15,35188,2345.9,pymupdf,0,0,0,,False,35188,random
IdeanomicsInc_20160330_10-K_EX-10.26_9512211_EX-10.26_Content License Agreement,/Users/aaron/Projects/doc-proc-demo-1/data/pdfs/IdeanomicsInc_20160330_10-K_EX-10.26_9512211_EX-10.26_Content License Agreement.pdf,18,40669,2259.4,pymupdf,0,0,0,,False,40669,random
ImineCorp_20180725_S-1_EX-10.5_11275970_EX-10.5_Distributor Agreement,/Users/aaron/Projects/doc-proc-demo-1/data/pdfs/ImineCorp_20180725_S-1_EX-10.5_11275970_EX-10.5_Distributor Agreement.pdf,9,34427,3825.2,pymupdf,0,0,0,,False,34427,random
ImperialGardenResortInc_20161028_DRS (on F-1)_EX-10.13_9963189_EX-10.13_Outsourcing Agreement,/Users/aaron/Projects/doc-proc-demo-1/data/pdfs/ImperialGardenResortInc_20161028_DRS (on F-1)_EX-10.13_9963189_EX-10.13_Outsourcing Agreement.pdf,7,12304,1757.7,pymupdf,0,0,0,,False,12304,random
ImpresseCorp_20000322_S-1A_EX-10.11_5199234_EX-10.11_Co-Branding Agreement,/Users/aaron/Projects/doc-proc-demo-1/data/pdfs/ImpresseCorp_20000322_S-1A_EX-10.11_5199234_EX-10.11_Co-Branding Agreement.pdf,8,48844,6105.5,pymupdf,0,0,0,,False,48844,random
InmodeLtd_20190729_F-1A_EX-10.9_11743243_EX-10.9_Manufacturing Agreement,/Users/aaron/Projects/doc-proc-demo-1/data/pdfs/InmodeLtd_20190729_F-1A_EX-10.9_11743243_EX-10.9_Manufacturing Agreement.pdf,16,39515,2469.7,pymupdf,0,0,0,,False,39515,random
InnerscopeHearingTechnologiesInc_20181109_8-K_EX-10.6_11419704_EX-10.6_Distributor Agreement,/Users/aaron/Projects/doc-proc-demo-1/data/pdfs/InnerscopeHearingTechnologiesInc_20181109_8-K_EX-10.6_11419704_EX-10.6_Distributor Agreement.pdf,9,22289,2476.6,pymupdf,0,0,0,,False,22289,random
IntegrityFunds_20200121_485BPOS_EX-99.E UNDR CONTR_11948727_EX-99.E UNDR CONTR_Service Agreement,/Users/aaron/Projects/doc-proc-demo-1/data/pdfs/IntegrityFunds_20200121_485BPOS_EX-99.E UNDR CONTR_11948727_EX-99.E UNDR CONTR_Service Agreement.pdf,8,23817,2977.1,pymupdf,0,0,0,,False,23817,random
IntegrityMediaInc_20010329_10-K405_EX-10.17_2373875_EX-10.17_Co-Branding Agreement,/Users/aaron/Projects/doc-proc-demo-1/data/pdfs/IntegrityMediaInc_20010329_10-K405_EX-10.17_2373875_EX-10.17_Co-Branding Agreement.pdf,6,29344,4890.7,pymupdf,0,0,0,,False,29344,random
InvendaCorp_20000828_S-1A_EX-10.2_2588206_EX-10.2_Co-Branding Agreement,/Users/aaron/Projects/doc-proc-demo-1/data/pdfs/InvendaCorp_20000828_S-1A_EX-10.2_2588206_EX-10.2_Co-Branding Agreement.pdf,27,115329,4271.4,pymupdf,0,0,0,,False,115329,random
IpassInc_20181203_8-K_EX-99.1_11445874_EX-99.1_Reseller Agreement,/Users/aaron/Projects/doc-proc-demo-1/data/pdfs/IpassInc_20181203_8-K_EX-99.1_11445874_EX-99.1_Reseller Agreement.pdf,22,73714,3350.6,pymupdf,0,0,0,,False,73714,random
JINGWEIINTERNATIONALLTD_10_04_2007-EX-10.7-INTELLECTUAL PROPERTY AGREEMENT,/Users/aaron/Projects/doc-proc-demo-1/data/pdfs/JINGWEIINTERNATIONALLTD_10_04_2007-EX-10.7-INTELLECTUAL PROPERTY AGREEMENT.PDF,7,15222,2174.6,pymupdf,0,0,0,,False,15222,random
JOINTCORP_09_19_2014-EX-10.15-FRANCHISE AGREEMENT,/Users/aaron/Projects/doc-proc-demo-1/data/pdfs/JOINTCORP_09_19_2014-EX-10.15-FRANCHISE AGREEMENT.PDF,64,167060,2610.3,pymupdf,0,0,0,,False,167060,random
KALLOINC_11_03_2011-EX-10.1-STRATEGIC ALLIANCE AGREEMENT,/Users/aaron/Projects/doc-proc-demo-1/data/pdfs/KALLOINC_11_03_2011-EX-10.1-STRATEGIC ALLIANCE AGREEMENT.PDF,46,74676,1623.4,pymupdf,1,0,1,,False,74676,random
KENTUCKYUTILITIESCO_03_25_2003-EX-10.65-TRANSPORTATION AGREEMENT,/Users/aaron/Projects/doc-proc-demo-1/data/pdfs/KENTUCKYUTILITIESCO_03_25_2003-EX-10.65-TRANSPORTATION AGREEMENT.PDF,9,16809,1867.7,pymupdf,0,0,0,,False,16809,random
KINGPHARMACEUTICALSINC_08_09_2006-EX-10.1-PROMOTION AGREEMENT,/Users/aaron/Projects/doc-proc-demo-1/data/pdfs/KINGPHARMACEUTICALSINC_08_09_2006-EX-10.1-PROMOTION AGREEMENT.PDF,59,172545,2924.5,pymupdf,0,0,0,,False,172545,random
"KIROMICBIOPHARMA,INC_04_08_2020-EX-10.28-JOINT VENTURE AGREEMENT","/Users/aaron/Projects/doc-proc-demo-1/data/pdfs/KIROMICBIOPHARMA,INC_04_08_2020-EX-10.28-JOINT VENTURE AGREEMENT.PDF",17,36473,2145.5,pymupdf,0,0,0,,False,36473,random
"KIROMICBIOPHARMA,INC_05_11_2020-EX-10.23-CONSULTING AGREEMENT","/Users/aaron/Projects/doc-proc-demo-1/data/pdfs/KIROMICBIOPHARMA,INC_05_11_2020-EX-10.23-CONSULTING AGREEMENT.PDF",7,18344,2620.6,pymupdf,0,0,0,,False,18344,random
"KNOWLABS,INC_08_15_2005-EX-10-INTELLECTUAL PROPERTY AGREEMENT","/Users/aaron/Projects/doc-proc-demo-1/data/pdfs/KNOWLABS,INC_08_15_2005-EX-10-INTELLECTUAL PROPERTY AGREEMENT.PDF",3,14743,4914.3,pymupdf,0,0,0,,False,14743,random
"KUBIENT,INC_07_02_2020-EX-10.14-MASTER SERVICES AGREEMENT_Part1","/Users/aaron/Projects/doc-proc-demo-1/data/pdfs/KUBIENT,INC_07_02_2020-EX-10.14-MASTER SERVICES AGREEMENT_Part1.pdf",5,26097,5219.4,pymupdf,0,0,0,,False,26097,random
"KUBIENT,INC_07_02_2020-EX-10.14-MASTER SERVICES AGREEMENT_Part2","/Users/aaron/Projects/doc-proc-demo-1/data/pdfs/KUBIENT,INC_07_02_2020-EX-10.14-MASTER SERVICES AGREEMENT_Part2.pdf",2,7598,3799.0,pymupdf,0,0,0,,False,7598,random
KitovPharmaLtd_20190326_20-F_EX-4.15_11584449_EX-4.15_Manufacturing Agreement,/Users/aaron/Projects/doc-proc-demo-1/data/pdfs/KitovPharmaLtd_20190326_20-F_EX-4.15_11584449_EX-4.15_Manufacturing Agreement.pdf,19,57345,3018.2,pymupdf,0,0,0,,False,57345,random
LECLANCHÉ S.A. - JOINT DEVELOPMENT AND MARKETING AGREEMENT,/Users/aaron/Projects/doc-proc-demo-1/data/pdfs/LECLANCHÉ S.A. - JOINT DEVELOPMENT AND MARKETING AGREEMENT.PDF,13,20098,1546.0,pymupdf,0,0,0,,False,20098,random
"LEGACYTECHNOLOGYHOLDINGS,INC_12_09_2005-EX-10.2-DISTRIBUTOR AGREEMENT","/Users/aaron/Projects/doc-proc-demo-1/data/pdfs/LEGACYTECHNOLOGYHOLDINGS,INC_12_09_2005-EX-10.2-DISTRIBUTOR AGREEMENT.PDF",3,15099,5033.0,pymupdf,0,0,0,,False,15099,random
LEJUHOLDINGSLTD_03_12_2014-EX-10.34-INTERNET CHANNEL COOPERATION AGREEMENT,/Users/aaron/Projects/doc-proc-demo-1/data/pdfs/LEJUHOLDINGSLTD_03_12_2014-EX-10.34-INTERNET CHANNEL COOPERATION AGREEMENT.PDF,14,36979,2641.4,pymupdf,0,0,0,,False,36979,random
LIGHTBRIDGECORP_11_23_2015-EX-10.26-STRATEGIC ALLIANCE AGREEMENT,/Users/aaron/Projects/doc-proc-demo-1/data/pdfs/LIGHTBRIDGECORP_11_23_2015-EX-10.26-STRATEGIC ALLIANCE AGREEMENT.PDF,8,19317,2414.6,pymupdf,0,0,0,,False,19317,random
LIMEENERGYCO_09_09_1999-EX-10-DISTRIBUTOR AGREEMENT,/Users/aaron/Projects/doc-proc-demo-1/data/pdfs/LIMEENERGYCO_09_09_1999-EX-10-DISTRIBUTOR AGREEMENT.PDF,10,54220,5422.0,pymupdf,0,0,0,,False,54220,random
LOGANSROADHOUSEINC_03_27_1998-EX-10.17-SPONSORSHIP AGREEMENT,/Users/aaron/Projects/doc-proc-demo-1/data/pdfs/LOGANSROADHOUSEINC_03_27_1998-EX-10.17-SPONSORSHIP AGREEMENT.PDF,4,19297,4824.2,pymupdf,0,0,0,,False,19297,random
LOOKSMARTLTD_07_20_2012-EX-99.(D)(I)-SPONSORSHIP AGREEMENT,/Users/aaron/Projects/doc-proc-demo-1/data/pdfs/LOOKSMARTLTD_07_20_2012-EX-99.(D)(I)-SPONSORSHIP AGREEMENT.PDF,6,25976,4329.3,pymupdf,0,0,0,,False,25976,random
LOYALTYPOINTINC_11_16_2004-EX-10.2-RESELLER AGREEMENT,/Users/aaron/Projects/doc-proc-demo-1/data/pdfs/LOYALTYPOINTINC_11_16_2004-EX-10.2-RESELLER AGREEMENT.PDF,22,121014,5500.6,pymupdf,0,0,0,,False,121014,random
LUCIDINC_04_15_2011-EX-10.9-DISTRIBUTOR AGREEMENT,/Users/aaron/Projects/doc-proc-demo-1/data/pdfs/LUCIDINC_04_15_2011-EX-10.9-DISTRIBUTOR AGREEMENT.PDF,8,15365,1920.6,pymupdf,0,0,0,,False,15365,random
LeadersonlineInc_20000427_S-1A_EX-10.8_4991089_EX-10.8_Co-Branding Agreement,/Users/aaron/Projects/doc-proc-demo-1/data/pdfs/LeadersonlineInc_20000427_S-1A_EX-10.8_4991089_EX-10.8_Co-Branding Agreement.pdf,10,55160,5516.0,pymupdf,0,0,0,,False,55160,random
LegacyEducationAllianceInc_20141110_8-K_EX-10.9_8828866_EX-10.9_Endorsement Agreement,/Users/aaron/Projects/doc-proc-demo-1/data/pdfs/LegacyEducationAllianceInc_20141110_8-K_EX-10.9_8828866_EX-10.9_Endorsement Agreement.pdf,8,19895,2486.9,pymupdf,0,0,0,,False,19895,random
LegacyEducationAllianceInc_20200330_10-K_EX-10.18_12090678_EX-10.18_Development Agreement,/Users/aaron/Projects/doc-proc-demo-1/data/pdfs/LegacyEducationAllianceInc_20200330_10-K_EX-10.18_12090678_EX-10.18_Development Agreement.pdf,18,46169,2564.9,pymupdf,0,0,0,,False,46169,random
LejuHoldingsLtd_20140121_DRS (on F-1)_EX-10.26_8473102_EX-10.26_Content License Agreement1,/Users/aaron/Projects/doc-proc-demo-1/data/pdfs/LejuHoldingsLtd_20140121_DRS (on F-1)_EX-10.26_8473102_EX-10.26_Content License Agreement1.pdf,17,46700,2747.1,pymupdf,0,0,0,,False,46700,random
LejuHoldingsLtd_20140121_DRS (on F-1)_EX-10.26_8473102_EX-10.26_Content License Agreement2,/Users/aaron/Projects/doc-proc-demo-1/data/pdfs/LejuHoldingsLtd_20140121_DRS (on F-1)_EX-10.26_8473102_EX-10.26_Content License Agreement2.pdf,2,2246,1123.0,pymupdf,0,0,0,,False,2246,random
LifewayFoodsInc_20160316_10-K_EX-10.24_9489766_EX-10.24_Endorsement Agreement,/Users/aaron/Projects/doc-proc-demo-1/data/pdfs/LifewayFoodsInc_20160316_10-K_EX-10.24_9489766_EX-10.24_Endorsement Agreement.pdf,4,10983,2745.8,pymupdf,0,0,0,,False,10983,random
LinkPlusCorp_20050802_8-K_EX-10_3240252_EX-10_Affiliate Agreement,/Users/aaron/Projects/doc-proc-demo-1/data/pdfs/LinkPlusCorp_20050802_8-K_EX-10_3240252_EX-10_Affiliate Agreement.pdf,7,25551,3650.1,pymupdf,0,0,0,,False,25551,random
LiquidmetalTechnologiesInc_20200205_8-K_EX-10.1_11968198_EX-10.1_Development Agreement,/Users/aaron/Projects/doc-proc-demo-1/data/pdfs/LiquidmetalTechnologiesInc_20200205_8-K_EX-10.1_11968198_EX-10.1_Development Agreement.pdf,27,83867,3106.2,pymupdf,0,0,0,,False,83867,random
LohaCompanyltd_20191209_F-1_EX-10.16_11917878_EX-10.16_Supply Agreement,/Users/aaron/Projects/doc-proc-demo-1/data/pdfs/LohaCompanyltd_20191209_F-1_EX-10.16_11917878_EX-10.16_Supply Agreement.pdf,6,11450,1908.3,pymupdf,0,0,0,,False,11450,random
"Loop Industries, Inc. - Marketing Agreement","/Users/aaron/Projects/doc-proc-demo-1/data/pdfs/Loop Industries, Inc. - Marketing Agreement.PDF",17,34691,2040.6,pymupdf,0,0,0,,False,34691,random
MACROGENICSINC_08_02_2013-EX-10-COLLABORATION AGREEMENT,/Users/aaron/Projects/doc-proc-demo-1/data/pdfs/MACROGENICSINC_08_02_2013-EX-10-COLLABORATION AGREEMENT.PDF,75,163253,2176.7,pymupdf,0,0,0,,False,163253,random
"MACY_S,INC_05_11_2020-EX-99.4-JOINT FILING AGREEMENT","/Users/aaron/Projects/doc-proc-demo-1/data/pdfs/MACY_S,INC_05_11_2020-EX-99.4-JOINT FILING AGREEMENT.PDF",1,1398,1398.0,pymupdf,0,0,0,,False,1398,random
MANAKOASERVICESCORP_11_21_2007-EX-7.5-STRATEGIC ALLIANCE AGREEMENT,/Users/aaron/Projects/doc-proc-demo-1/data/pdfs/MANAKOASERVICESCORP_11_21_2007-EX-7.5-STRATEGIC ALLIANCE AGREEMENT.PDF,5,14895,2979.0,pymupdf,0,0,0,,False,14895,random
MANUFACTURERSSERVICESLTD_06_05_2000-EX-10.14-OUTSOURCING AGREEMENT,/Users/aaron/Projects/doc-proc-demo-1/data/pdfs/MANUFACTURERSSERVICESLTD_06_05_2000-EX-10.14-OUTSOURCING AGREEMENT.PDF,75,336657,4488.8,pymupdf,0,0,0,,False,336657,random
"MARSHALLHOLDINGSINTERNATIONAL,INC_04_14_2004-EX-10.15-ENDORSEMENT AGREEMENT","/Users/aaron/Projects/doc-proc-demo-1/data/pdfs/MARSHALLHOLDINGSINTERNATIONAL,INC_04_14_2004-EX-10.15-ENDORSEMENT AGREEMENT.PDF",3,12977,4325.7,pymupdf,0,0,0,,False,12977,random
MARTINMIDSTREAMPARTNERSLP_01_23_2004-EX-10.3-TRANSPORTATION SERVICES AGREEMENT,/Users/aaron/Projects/doc-proc-demo-1/data/pdfs/MARTINMIDSTREAMPARTNERSLP_01_23_2004-EX-10.3-TRANSPORTATION SERVICES AGREEMENT.PDF,5,13991,2798.2,pymupdf,0,0,0,,False,13991,random
"MEDALISTDIVERSIFIEDREIT,INC_05_18_2020-EX-10.1-CONSULTING AGREEMENT","/Users/aaron/Projects/doc-proc-demo-1/data/pdfs/MEDALISTDIVERSIFIEDREIT,INC_05_18_2020-EX-10.1-CONSULTING AGREEMENT.PDF",8,24287,3035.9,pymupdf,0,0,0,,False,24287,random
MEDIWOUNDLTD_01_15_2014-EX-10.6-SUPPLY AGREEMENT,/Users/aaron/Projects/doc-proc-demo-1/data/pdfs/MEDIWOUNDLTD_01_15_2014-EX-10.6-SUPPLY AGREEMENT.PDF,22,49889,2267.7,pymupdf,0,0,0,,False,49889,random
"MEETGROUP,INC_06_29_2017-EX-10.1-COOPERATION AGREEMENT","/Users/aaron/Projects/doc-proc-demo-1/data/pdfs/MEETGROUP,INC_06_29_2017-EX-10.1-COOPERATION AGREEMENT.PDF",20,59495,2974.8,pymupdf,0,0,0,,False,59495,random
MERCATAINC_03_09_2000-EX-10.21-SPONSORSHIP AGREEMENT,/Users/aaron/Projects/doc-proc-demo-1/data/pdfs/MERCATAINC_03_09_2000-EX-10.21-SPONSORSHIP AGREEMENT.PDF,5,23665,4733.0,pymupdf,0,0,0,,False,23665,random
MERITLIFEINSURANCECO_06_19_2020-EX-10.(XIV)-MASTER SERVICES AGREEMENT,/Users/aaron/Projects/doc-proc-demo-1/data/pdfs/MERITLIFEINSURANCECO_06_19_2020-EX-10.(XIV)-MASTER SERVICES AGREEMENT.PDF,10,22054,2205.4,pymupdf,0,0,0,,False,22054,random
"MFAFINANCIAL,INC_07_06_2020-EX-99.D-JOINT FILING AGREEMENT","/Users/aaron/Projects/doc-proc-demo-1/data/pdfs/MFAFINANCIAL,INC_07_06_2020-EX-99.D-JOINT FILING AGREEMENT.PDF",4,3587,896.8,pymupdf,0,0,0,,False,3587,random
"MIDDLEBROOKPHARMACEUTICALS,INC_03_18_2010-EX-10.1-PROMOTION AGREEMENT","/Users/aaron/Projects/doc-proc-demo-1/data/pdfs/MIDDLEBROOKPHARMACEUTICALS,INC_03_18_2010-EX-10.1-PROMOTION AGREEMENT.PDF",22,57085,2594.8,pymupdf,0,0,0,,False,57085,random
"MJBIOTECH,INC_12_06_2018-EX-99.01-JOINT VENTURE AGREEMENT","/Users/aaron/Projects/doc-proc-demo-1/data/pdfs/MJBIOTECH,INC_12_06_2018-EX-99.01-JOINT VENTURE AGREEMENT.PDF",16,23291,1455.7,pymupdf,0,0,0,,False,23291,random
MOELIS_CO_03_24_2014-EX-10.19-STRATEGIC ALLIANCE AGREEMENT,/Users/aaron/Projects/doc-proc-demo-1/data/pdfs/MOELIS_CO_03_24_2014-EX-10.19-STRATEGIC ALLIANCE AGREEMENT.PDF,45,122034,2711.9,pymupdf,0,0,0,,False,122034,random
MOSSIMOINC_04_14_2000-EX-10.14-ENDORSEMENT AGREEMENT,/Users/aaron/Projects/doc-proc-demo-1/data/pdfs/MOSSIMOINC_04_14_2000-EX-10.14-ENDORSEMENT AGREEMENT.PDF,5,24288,4857.6,pymupdf,0,0,0,,False,24288,random
MOVADOGROUPINC_04_30_2003-EX-10.28-ENDORSEMENT AGREEMENT,/Users/aaron/Projects/doc-proc-demo-1/data/pdfs/MOVADOGROUPINC_04_30_2003-EX-10.28-ENDORSEMENT AGREEMENT.PDF,4,17637,4409.2,pymupdf,0,0,0,,False,17637,random
MPLXLP_06_17_2015-EX-10.1-TRANSPORTATION SERVICES AGREEMENT,/Users/aaron/Projects/doc-proc-demo-1/data/pdfs/MPLXLP_06_17_2015-EX-10.1-TRANSPORTATION SERVICES AGREEMENT.PDF,26,57383,2207.0,pymupdf,0,0,0,,False,57383,random
MRSFIELDSORIGINALCOOKIESINC_01_29_1998-EX-10-FRANCHISE AGREEMENT,/Users/aaron/Projects/doc-proc-demo-1/data/pdfs/MRSFIELDSORIGINALCOOKIESINC_01_29_1998-EX-10-FRANCHISE AGREEMENT.PDF,45,248662,5525.8,pymupdf,0,0,0,,False,248662,random
MSCIINC_02_28_2008-EX-10.10-,/Users/aaron/Projects/doc-proc-demo-1/data/pdfs/MSCIINC_02_28_2008-EX-10.10-.PDF,7,11759,1679.9,pymupdf,0,0,0,,False,11759,random
MTITECHNOLOGYCORP_11_16_2004-EX-10.102-Reseller Agreement Premier Addendum,/Users/aaron/Projects/doc-proc-demo-1/data/pdfs/MTITECHNOLOGYCORP_11_16_2004-EX-10.102-Reseller Agreement Premier Addendum.PDF,8,33336,4167.0,pymupdf,0,0,0,,False,33336,random
"Magenta Therapeutics, Inc. - Master Development and Manufacturing Agreement","/Users/aaron/Projects/doc-proc-demo-1/data/pdfs/Magenta Therapeutics, Inc. - Master Development and Manufacturing Agreement.PDF",23,73395,3191.1,pymupdf,0,0,0,,False,73395,random
"MetLife, Inc. - Remarketing Agreement","/Users/aaron/Projects/doc-proc-demo-1/data/pdfs/MetLife, Inc. - Remarketing Agreement.PDF",48,110965,2311.8,pymupdf,0,0,0,,False,110965,random
Microgenics Corporation - Collaborative Development and Commercialization Agreement,/Users/aaron/Projects/doc-proc-demo-1/data/pdfs/Microgenics Corporation - Collaborative Development and Commercialization Agreement.PDF,60,190148,3169.1,pymupdf,0,0,0,,False,190148,random
MidwestEnergyEmissionsCorp_20080604_8-K_EX-10.2_3093976_EX-10.2_Content License Agreement,/Users/aaron/Projects/doc-proc-demo-1/data/pdfs/MidwestEnergyEmissionsCorp_20080604_8-K_EX-10.2_3093976_EX-10.2_Content License Agreement.pdf,10,34900,3490.0,pymupdf,0,0,0,,False,34900,random
Monsanto Company - SECOND A_R EXCLUSIVE AGENCY AND MARKETING AGREEMENT,/Users/aaron/Projects/doc-proc-demo-1/data/pdfs/Monsanto Company - SECOND A_R EXCLUSIVE AGENCY AND MARKETING AGREEMENT .PDF,88,219845,2498.2,pymupdf,0,0,0,,False,219845,random
MorganStanleyDirectLendingFund_20191119_10-12GA_EX-10.5_11898508_EX-10.5_Trademark License Agreement,/Users/aaron/Projects/doc-proc-demo-1/data/pdfs/MorganStanleyDirectLendingFund_20191119_10-12GA_EX-10.5_11898508_EX-10.5_Trademark License Agreement.pdf,7,16128,2304.0,pymupdf,0,0,0,,False,16128,random
MphaseTechnologiesInc_20030911_10-K_EX-10.15_1560667_EX-10.15_Co-Branding Agreement,/Users/aaron/Projects/doc-proc-demo-1/data/pdfs/MphaseTechnologiesInc_20030911_10-K_EX-10.15_1560667_EX-10.15_Co-Branding Agreement.pdf,3,8757,2919.0,pymupdf,0,0,0,,False,8757,random
MusclepharmCorp_20170208_10-KA_EX-10.38_9893581_EX-10.38_Co-Branding Agreement,/Users/aaron/Projects/doc-proc-demo-1/data/pdfs/MusclepharmCorp_20170208_10-KA_EX-10.38_9893581_EX-10.38_Co-Branding Agreement.pdf,34,87807,2582.6,pymupdf,0,0,0,,False,87807,random
N2KINC_10_16_1997-EX-10.16-SPONSORSHIP AGREEMENT,/Users/aaron/Projects/doc-proc-demo-1/data/pdfs/N2KINC_10_16_1997-EX-10.16-SPONSORSHIP AGREEMENT.PDF,10,49775,4977.5,pymupdf,0,0,0,,False,49775,random
NANOPHASETECHNOLOGIESCORP_11_01_2005-EX-99.1-DISTRIBUTOR AGREEMENT,/Users/aaron/Projects/doc-proc-demo-1/data/pdfs/NANOPHASETECHNOLOGIESCORP_11_01_2005-EX-99.1-DISTRIBUTOR AGREEMENT.PDF,16,48553,3034.6,pymupdf,0,0,0,,False,48553,random
NATIONALPROCESSINGINC_07_18_1996-EX-10.4-SPONSORSHIP AGREEMENT,/Users/aaron/Projects/doc-proc-demo-1/data/pdfs/NATIONALPROCESSINGINC_07_18_1996-EX-10.4-SPONSORSHIP AGREEMENT.PDF,7,33008,4715.4,pymupdf,0,0,0,,False,33008,random
NELNETINC_04_08_2020-EX-1-JOINT FILING AGREEMENT,/Users/aaron/Projects/doc-proc-demo-1/data/pdfs/NELNETINC_04_08_2020-EX-1-JOINT FILING AGREEMENT.PDF,1,1075,1075.0,pymupdf,0,0,0,,False,1075,random
NEOMEDIATECHNOLOGIESINC_12_15_2005-EX-16.1-DISTRIBUTOR AGREEMENT,/Users/aaron/Projects/doc-proc-demo-1/data/pdfs/NEOMEDIATECHNOLOGIESINC_12_15_2005-EX-16.1-DISTRIBUTOR AGREEMENT.PDF,8,36167,4520.9,pymupdf,0,0,0,,False,36167,random
NEONSYSTEMSINC_03_01_1999-EX-10.5-DISTRIBUTOR AGREEMENT_Amendment,/Users/aaron/Projects/doc-proc-demo-1/data/pdfs/NEONSYSTEMSINC_03_01_1999-EX-10.5-DISTRIBUTOR AGREEMENT_Amendment.pdf,5,21983,4396.6,pymupdf,0,0,0,,False,21983,random
NEONSYSTEMSINC_03_01_1999-EX-10.5-DISTRIBUTOR AGREEMENT_New,/Users/aaron/Projects/doc-proc-demo-1/data/pdfs/NEONSYSTEMSINC_03_01_1999-EX-10.5-DISTRIBUTOR AGREEMENT_New.pdf,12,61299,5108.2,pymupdf,0,0,0,,False,61299,random
"NETGEAR,INC_04_21_2003-EX-10.16- AMENDMENT #2 TO THE DISTRIBUTION AGREEMENT","/Users/aaron/Projects/doc-proc-demo-1/data/pdfs/NETGEAR,INC_04_21_2003-EX-10.16- AMENDMENT #2 TO THE DISTRIBUTION AGREEMENT.pdf",1,4547,4547.0,pymupdf,0,0,0,,False,4547,random
"NETGEAR,INC_04_21_2003-EX-10.16-AMENDMENT TO THE DISTRIBUTOR AGREEMENT BETWEEN INGRAM MICRO AND NETGEAR-","/Users/aaron/Projects/doc-proc-demo-1/data/pdfs/NETGEAR,INC_04_21_2003-EX-10.16-AMENDMENT TO THE DISTRIBUTOR AGREEMENT BETWEEN INGRAM MICRO AND NETGEAR-.pdf",2,8065,4032.5,pymupdf,0,0,0,,False,8065,random
"NETGEAR,INC_04_21_2003-EX-10.16-DISTRIBUTOR AGREEMENT","/Users/aaron/Projects/doc-proc-demo-1/data/pdfs/NETGEAR,INC_04_21_2003-EX-10.16-DISTRIBUTOR AGREEMENT.pdf",8,41392,5174.0,pymupdf,0,0,0,,False,41392,random
NETGROCERINC_07_31_1998-EX-10.15-SPONSORSHIP AGREEMENT,/Users/aaron/Projects/doc-proc-demo-1/data/pdfs/NETGROCERINC_07_31_1998-EX-10.15-SPONSORSHIP AGREEMENT.PDF,9,44897,4988.6,pymupdf,0,0,0,,False,44897,random
NETZEEINC_11_14_2002-EX-10.3-MAINTENANCE AGREEMENT,/Users/aaron/Projects/doc-proc-demo-1/data/pdfs/NETZEEINC_11_14_2002-EX-10.3-MAINTENANCE AGREEMENT.PDF,1,3668,3668.0,pymupdf,0,0,0,,False,3668,random
NEXSTARFINANCEHOLDINGSINC_03_27_2002-EX-10.26-OUTSOURCING AGREEMENT,/Users/aaron/Projects/doc-proc-demo-1/data/pdfs/NEXSTARFINANCEHOLDINGSINC_03_27_2002-EX-10.26-OUTSOURCING AGREEMENT.PDF,23,120191,5225.7,pymupdf,0,0,0,,False,120191,random
NICELTD_06_26_2003-EX-4.5-OUTSOURCING AGREEMENT,/Users/aaron/Projects/doc-proc-demo-1/data/pdfs/NICELTD_06_26_2003-EX-4.5-OUTSOURCING AGREEMENT.PDF,26,147828,5685.7,pymupdf,0,0,0,,False,147828,random
"NOVOINTEGRATEDSCIENCES,INC_12_23_2019-EX-10.1-JOINT VENTURE AGREEMENT","/Users/aaron/Projects/doc-proc-demo-1/data/pdfs/NOVOINTEGRATEDSCIENCES,INC_12_23_2019-EX-10.1-JOINT VENTURE AGREEMENT.PDF",13,21925,1686.5,pymupdf,0,0,0,,False,21925,random
NUVEEN - REMARKETING AGREEMENT,/Users/aaron/Projects/doc-proc-demo-1/data/pdfs/NUVEEN - REMARKETING AGREEMENT.PDF,31,70351,2269.4,pymupdf,0,0,0,,False,70351,random
NYLIACVARIABLEANNUITYSEPARATEACCOUNTIII_04_10_2020-EX-99.8.KK-SERVICE AGREEMENT,/Users/aaron/Projects/doc-proc-demo-1/data/pdfs/NYLIACVARIABLEANNUITYSEPARATEACCOUNTIII_04_10_2020-EX-99.8.KK-SERVICE AGREEMENT.PDF,2,6814,3407.0,pymupdf,0,0,0,,False,6814,random
NakedBrandGroupInc_20150731_POS AM (on S-1)_EX-10.75_9196027_EX-10.75_Endorsement Agreement,/Users/aaron/Projects/doc-proc-demo-1/data/pdfs/NakedBrandGroupInc_20150731_POS AM (on S-1)_EX-10.75_9196027_EX-10.75_Endorsement Agreement.pdf,19,48223,2538.1,pymupdf,0,0,0,,False,48223,random
NeoformaInc_19991202_S-1A_EX-10.26_5224521_EX-10.26_Co-Branding Agreement,/Users/aaron/Projects/doc-proc-demo-1/data/pdfs/NeoformaInc_19991202_S-1A_EX-10.26_5224521_EX-10.26_Co-Branding Agreement.pdf,17,99288,5840.5,pymupdf,0,0,0,,False,99288,random
NeuroboPharmaceuticalsInc_20190903_S-4_EX-10.36_11802165_EX-10.36_Manufacturing Agreement_ Supply Agreement,/Users/aaron/Projects/doc-proc-demo-1/data/pdfs/NeuroboPharmaceuticalsInc_20190903_S-4_EX-10.36_11802165_EX-10.36_Manufacturing Agreement_ Supply Agreement.pdf,10,19959,1995.9,pymupdf,0,0,0,,False,19959,random
NlsPharmaceuticsLtd_20200228_F-1_EX-10.14_12029046_EX-10.14_Development Agreement,/Users/aaron/Projects/doc-proc-demo-1/data/pdfs/NlsPharmaceuticsLtd_20200228_F-1_EX-10.14_12029046_EX-10.14_Development Agreement.pdf,28,67757,2419.9,pymupdf,0,0,0,,False,67757,random
NmfSlfIInc_20200115_10-12GA_EX-10.5_11946987_EX-10.5_Trademark License Agreement,/Users/aaron/Projects/doc-proc-demo-1/data/pdfs/NmfSlfIInc_20200115_10-12GA_EX-10.5_11946987_EX-10.5_Trademark License Agreement.pdf,6,17040,2840.0,pymupdf,0,0,0,,False,17040,random
"OAKTREECAPITALGROUP,LLC_03_02_2020-EX-10.8-Services Agreement","/Users/aaron/Projects/doc-proc-demo-1/data/pdfs/OAKTREECAPITALGROUP,LLC_03_02_2020-EX-10.8-Services Agreement.PDF",8,19998,2499.8,pymupdf,0,0,0,,False,19998,random
"OASYSMOBILE,INC_07_05_2001-EX-10.17-OUTSOURCING AGREEMENT","/Users/aaron/Projects/doc-proc-demo-1/data/pdfs/OASYSMOBILE,INC_07_05_2001-EX-10.17-OUTSOURCING AGREEMENT.PDF",12,58876,4906.3,pymupdf,0,0,0,,False,58876,random
OFGBANCORP_03_28_2007-EX-10.23-OUTSOURCING AGREEMENT,/Users/aaron/Projects/doc-proc-demo-1/data/pdfs/OFGBANCORP_03_28_2007-EX-10.23-OUTSOURCING AGREEMENT.PDF,47,159232,3387.9,pymupdf,0,0,0,,False,159232,random
OLDAPIWIND-DOWNLTD_01_08_2016-EX-1.3-AGENCY AGREEMENT1,/Users/aaron/Projects/doc-proc-demo-1/data/pdfs/OLDAPIWIND-DOWNLTD_01_08_2016-EX-1.3-AGENCY AGREEMENT1.pdf,34,97908,2879.6,pymupdf,0,0,0,,False,97908,random
OLDAPIWIND-DOWNLTD_01_08_2016-EX-1.3-AGENCY AGREEMENT2,/Users/aaron/Projects/doc-proc-demo-1/data/pdfs/OLDAPIWIND-DOWNLTD_01_08_2016-EX-1.3-AGENCY AGREEMENT2.pdf,3,3881,1293.7,pymupdf,0,0,0,,False,3881,random
"OMINTO,INC_03_29_2004-EX-10-RESELLER AGREEMENT","/Users/aaron/Projects/doc-proc-demo-1/data/pdfs/OMINTO,INC_03_29_2004-EX-10-RESELLER AGREEMENT.PDF",7,28720,4102.9,pymupdf,0,0,0,,False,28720,random
"ON2TECHNOLOGIES,INC_11_17_2006-EX-10.3-SUPPORT AND MAINTENANCE AGREEMENT","/Users/aaron/Projects/doc-proc-demo-1/data/pdfs/ON2TECHNOLOGIES,INC_11_17_2006-EX-10.3-SUPPORT AND MAINTENANCE AGREEMENT.PDF",13,61193,4707.2,pymupdf,0,0,0,,False,61193,random
ON4COMMUNICATIONSINC_07_02_2009-EX-10.1-PROMOTION AGREEMENT,/Users/aaron/Projects/doc-proc-demo-1/data/pdfs/ON4COMMUNICATIONSINC_07_02_2009-EX-10.1-PROMOTION AGREEMENT.PDF,5,14983,2996.6,pymupdf,0,0,0,,False,14983,random
"ONEMAINHOLDINGS,INC_02_20_2020-EX-99.D-JOINT FILING AGREEMENT","/Users/aaron/Projects/doc-proc-demo-1/data/pdfs/ONEMAINHOLDINGS,INC_02_20_2020-EX-99.D-JOINT FILING AGREEMENT.PDF",6,5802,967.0,pymupdf,0,0,0,,False,5802,random
OPERALTD_04_30_2020-EX-4.14-SERVICE AGREEMENT,/Users/aaron/Projects/doc-proc-demo-1/data/pdfs/OPERALTD_04_30_2020-EX-4.14-SERVICE AGREEMENT.PDF,7,20966,2995.1,pymupdf,0,0,0,,False,20966,random
"OPTIMIZEDTRANSPORTATIONMANAGEMENT,INC_07_26_2000-EX-6.6-DISTRIBUTOR AGREEMENT","/Users/aaron/Projects/doc-proc-demo-1/data/pdfs/OPTIMIZEDTRANSPORTATIONMANAGEMENT,INC_07_26_2000-EX-6.6-DISTRIBUTOR AGREEMENT.PDF",3,10784,3594.7,pymupdf,0,0,0,,False,10784,random
ORBSATCORP_08_17_2007-EX-7.3-STRATEGIC ALLIANCE AGREEMENT,/Users/aaron/Projects/doc-proc-demo-1/data/pdfs/ORBSATCORP_08_17_2007-EX-7.3-STRATEGIC ALLIANCE AGREEMENT.PDF,8,18449,2306.1,pymupdf,0,0,0,,False,18449,random
"OTISWORLDWIDECORP_04_03_2020-EX-10.4-INTELLECTUAL PROPERTY AGREEMENT by and among UNITED TECHNOLOGIES CORPORATION, OTIS WORLDWIDE CORPORATION and CARRIER ~1","/Users/aaron/Projects/doc-proc-demo-1/data/pdfs/OTISWORLDWIDECORP_04_03_2020-EX-10.4-INTELLECTUAL PROPERTY AGREEMENT by and among UNITED TECHNOLOGIES CORPORATION, OTIS WORLDWIDE CORPORATION and CARRIER ~1.PDF",23,62081,2699.2,pymupdf,0,0,0,,False,62081,random
PACIFICSYSTEMSCONTROLTECHNOLOGYINC_08_24_2000-EX-10.53-SPONSORSHIP AGREEMENT,/Users/aaron/Projects/doc-proc-demo-1/data/pdfs/PACIFICSYSTEMSCONTROLTECHNOLOGYINC_08_24_2000-EX-10.53-SPONSORSHIP AGREEMENT.PDF,2,4106,2053.0,pymupdf,0,0,0,,False,4106,random
"PACIRA PHARMACEUTICALS, INC. - A_R STRATEGIC LICENSING, DISTRIBUTION AND MARKETING AGREEMENT","/Users/aaron/Projects/doc-proc-demo-1/data/pdfs/PACIRA PHARMACEUTICALS, INC. - A_R STRATEGIC LICENSING, DISTRIBUTION AND MARKETING AGREEMENT .PDF",88,144612,1643.3,pymupdf,0,0,0,,False,144612,random
PANDIONTHERAPEUTICSHOLDCOLLC_05_22_2020-EX-10.17-CONSULTING AGREEMENT,/Users/aaron/Projects/doc-proc-demo-1/data/pdfs/PANDIONTHERAPEUTICSHOLDCOLLC_05_22_2020-EX-10.17-CONSULTING AGREEMENT.PDF,9,22654,2517.1,pymupdf,0,0,0,,False,22654,random
"PAXMEDICA,INC_07_02_2020-EX-10.12-Master Service Agreement","/Users/aaron/Projects/doc-proc-demo-1/data/pdfs/PAXMEDICA,INC_07_02_2020-EX-10.12-Master Service Agreement.PDF",7,16774,2396.3,pymupdf,0,0,0,,False,16774,random
PFSFUNDS_06_26_2020-EX-99.H OTH MAT CONT-SERVICES AGREEMENT,/Users/aaron/Projects/doc-proc-demo-1/data/pdfs/PFSFUNDS_06_26_2020-EX-99.H OTH MAT CONT-SERVICES AGREEMENT.PDF,3,15022,5007.3,pymupdf,0,0,0,,False,15022,random
PHLVARIABLEINSURANCECOCT_08_17_2009-EX-10.1-STRATEGIC ALLIANCE AGREEMENT,/Users/aaron/Projects/doc-proc-demo-1/data/pdfs/PHLVARIABLEINSURANCECOCT_08_17_2009-EX-10.1-STRATEGIC ALLIANCE AGREEMENT.PDF,39,100125,2567.3,pymupdf,0,0,0,,False,100125,random
"PHREESIA,INC_05_28_2019-EX-10.18-STRATEGIC ALLIANCE AGREEMENT","/Users/aaron/Projects/doc-proc-demo-1/data/pdfs/PHREESIA,INC_05_28_2019-EX-10.18-STRATEGIC ALLIANCE AGREEMENT.PDF",46,119722,2602.7,pymupdf,0,0,0,,False,119722,random
PLAYAHOTELS_RESORTSNV_03_14_2017-EX-10.22-STRATEGIC ALLIANCE AGREEMENT (Hyatt Ziva Cancun),/Users/aaron/Projects/doc-proc-demo-1/data/pdfs/PLAYAHOTELS_RESORTSNV_03_14_2017-EX-10.22-STRATEGIC ALLIANCE AGREEMENT (Hyatt Ziva Cancun).PDF,8,22205,2775.6,pymupdf,0,0,0,,False,22205,random
"PRECIGEN,INC_01_22_2020-EX-99.1-JOINT FILING AGREEMENT","/Users/aaron/Projects/doc-proc-demo-1/data/pdfs/PRECIGEN,INC_01_22_2020-EX-99.1-JOINT FILING AGREEMENT.PDF",1,973,973.0,pymupdf,0,0,0,,False,973,random
PREMIERBIOMEDICALINC_05_14_2020-EX-10.2-INTELLECTUAL PROPERTY AGREEMENT,/Users/aaron/Projects/doc-proc-demo-1/data/pdfs/PREMIERBIOMEDICALINC_05_14_2020-EX-10.2-INTELLECTUAL PROPERTY AGREEMENT.PDF,6,23293,3882.2,pymupdf,0,0,0,,False,23293,random
PRIMEENERGYRESOURCESCORP_04_02_2007-EX-10.28-COMPLETION AND LIQUIDITY MAINTENANCE AGREEMENT,/Users/aaron/Projects/doc-proc-demo-1/data/pdfs/PRIMEENERGYRESOURCESCORP_04_02_2007-EX-10.28-COMPLETION AND LIQUIDITY MAINTENANCE AGREEMENT.PDF,4,5006,1251.5,pymupdf,1,0,1,,False,5006,random
PROFOUNDMEDICALCORP_08_29_2019-EX-4.5-SUPPLY AGREEMENT,/Users/aaron/Projects/doc-proc-demo-1/data/pdfs/PROFOUNDMEDICALCORP_08_29_2019-EX-4.5-SUPPLY AGREEMENT.PDF,28,66338,2369.2,pymupdf,0,0,0,,False,66338,random
PROLONGINTERNATIONALCORP_03_23_1998-EX-10.16-SPONSORSHIP AGREEMENT,/Users/aaron/Projects/doc-proc-demo-1/data/pdfs/PROLONGINTERNATIONALCORP_03_23_1998-EX-10.16-SPONSORSHIP AGREEMENT.PDF,4,14942,3735.5,pymupdf,0,0,0,,False,14942,random
PacificapEntertainmentHoldingsInc_20051115_8-KA_EX-1.01_4300894_EX-1.01_Content License Agreement,/Users/aaron/Projects/doc-proc-demo-1/data/pdfs/PacificapEntertainmentHoldingsInc_20051115_8-KA_EX-1.01_4300894_EX-1.01_Content License Agreement.pdf,6,18052,3008.7,pymupdf,0,0,0,,False,18052,random
PalmerSquareCapitalBdcInc_20200116_10-12GA_EX-10.6_11949289_EX-10.6_Trademark License Agreement,/Users/aaron/Projects/doc-proc-demo-1/data/pdfs/PalmerSquareCapitalBdcInc_20200116_10-12GA_EX-10.6_11949289_EX-10.6_Trademark License Agreement.pdf,6,14740,2456.7,pymupdf,0,0,0,,False,14740,random
PapaJohnsInternationalInc_20190617_8-K_EX-10.1_11707365_EX-10.1_Endorsement Agreement,/Users/aaron/Projects/doc-proc-demo-1/data/pdfs/PapaJohnsInternationalInc_20190617_8-K_EX-10.1_11707365_EX-10.1_Endorsement Agreement.pdf,23,68009,2956.9,pymupdf,0,0,0,,False,68009,random
PaperexchangeComInc_20000322_S-1A_EX-10.4_5202103_EX-10.4_Co-Branding Agreement,/Users/aaron/Projects/doc-proc-demo-1/data/pdfs/PaperexchangeComInc_20000322_S-1A_EX-10.4_5202103_EX-10.4_Co-Branding Agreement.pdf,16,92450,5778.1,pymupdf,0,0,0,,False,92450,random
ParatekPharmaceuticalsInc_20170505_10-KA_EX-10.29_10323872_EX-10.29_Outsourcing Agreement,/Users/aaron/Projects/doc-proc-demo-1/data/pdfs/ParatekPharmaceuticalsInc_20170505_10-KA_EX-10.29_10323872_EX-10.29_Outsourcing Agreement.pdf,49,114272,2332.1,pymupdf,0,0,0,,False,114272,random
PareteumCorp_20081001_8-K_EX-99.1_2654808_EX-99.1_Hosting Agreement,/Users/aaron/Projects/doc-proc-demo-1/data/pdfs/PareteumCorp_20081001_8-K_EX-99.1_2654808_EX-99.1_Hosting Agreement.pdf,30,66015,2200.5,pymupdf,0,0,0,,False,66015,random
PcquoteComInc_19990721_S-1A_EX-10.11_6377149_EX-10.11_Co-Branding Agreement1,/Users/aaron/Projects/doc-proc-demo-1/data/pdfs/PcquoteComInc_19990721_S-1A_EX-10.11_6377149_EX-10.11_Co-Branding Agreement1.pdf,6,19853,3308.8,pymupdf,0,0,0,,False,19853,random
PcquoteComInc_19990721_S-1A_EX-10.11_6377149_EX-10.11_Co-Branding Agreement2,/Users/aaron/Projects/doc-proc-demo-1/data/pdfs/PcquoteComInc_19990721_S-1A_EX-10.11_6377149_EX-10.11_Co-Branding Agreement2.pdf,2,849,424.5,pymupdf,0,0,0,,False,849,random
PcquoteComInc_19990721_S-1A_EX-10.11_6377149_EX-10.11_Co-Branding Agreement3,/Users/aaron/Projects/doc-proc-demo-1/data/pdfs/PcquoteComInc_19990721_S-1A_EX-10.11_6377149_EX-10.11_Co-Branding Agreement3.pdf,2,2537,1268.5,pymupdf,0,0,0,,False,2537,random
PelicanDeliversInc_20200211_S-1_EX-10.3_11975895_EX-10.3_Development Agreement1,/Users/aaron/Projects/doc-proc-demo-1/data/pdfs/PelicanDeliversInc_20200211_S-1_EX-10.3_11975895_EX-10.3_Development Agreement1.pdf,11,16531,1502.8,pymupdf,0,0,0,,False,16531,random
PelicanDeliversInc_20200211_S-1_EX-10.3_11975895_EX-10.3_Development Agreement2,/Users/aaron/Projects/doc-proc-demo-1/data/pdfs/PelicanDeliversInc_20200211_S-1_EX-10.3_11975895_EX-10.3_Development Agreement2.pdf,15,32012,2134.1,pymupdf,0,0,0,,False,32012,random
PenntexMidstreamPartnersLp_20150416_S-1A_EX-10.4_9042833_EX-10.4_Transportation Agreement,/Users/aaron/Projects/doc-proc-demo-1/data/pdfs/PenntexMidstreamPartnersLp_20150416_S-1A_EX-10.4_9042833_EX-10.4_Transportation Agreement.pdf,20,51802,2590.1,pymupdf,0,0,0,,False,51802,random
PerformanceSportsBrandsInc_20110909_S-1_EX-10.10_7220214_EX-10.10_Endorsement Agreement,/Users/aaron/Projects/doc-proc-demo-1/data/pdfs/PerformanceSportsBrandsInc_20110909_S-1_EX-10.10_7220214_EX-10.10_Endorsement Agreement.pdf,12,26897,2241.4,pymupdf,0,0,0,,False,26897,random
PfHospitalityGroupInc_20150923_10-12G_EX-10.1_9266710_EX-10.1_Franchise Agreement1,/Users/aaron/Projects/doc-proc-demo-1/data/pdfs/PfHospitalityGroupInc_20150923_10-12G_EX-10.1_9266710_EX-10.1_Franchise Agreement1.pdf,42,152483,3630.5,pymupdf,0,0,0,,False,152483,random
PfHospitalityGroupInc_20150923_10-12G_EX-10.1_9266710_EX-10.1_Franchise Agreement3,/Users/aaron/Projects/doc-proc-demo-1/data/pdfs/PfHospitalityGroupInc_20150923_10-12G_EX-10.1_9266710_EX-10.1_Franchise Agreement3.pdf,3,6760,2253.3,pymupdf,0,0,0,,False,6760,random
PharmagenInc_20120803_8-KA_EX-10.1_7693204_EX-10.1_Endorsement Agreement,/Users/aaron/Projects/doc-proc-demo-1/data/pdfs/PharmagenInc_20120803_8-KA_EX-10.1_7693204_EX-10.1_Endorsement Agreement.pdf,7,17898,2556.9,pymupdf,0,0,0,,False,17898,random
PhasebioPharmaceuticalsInc_20200330_10-K_EX-10.21_12086810_EX-10.21_Development Agreement,/Users/aaron/Projects/doc-proc-demo-1/data/pdfs/PhasebioPharmaceuticalsInc_20200330_10-K_EX-10.21_12086810_EX-10.21_Development Agreement.pdf,96,290865,3029.8,pymupdf,0,0,0,,False,290865,random
PhoenixNewMediaLtd_20110421_F-1_EX-10.17_6958322_EX-10.17_Content License Agreement,/Users/aaron/Projects/doc-proc-demo-1/data/pdfs/PhoenixNewMediaLtd_20110421_F-1_EX-10.17_6958322_EX-10.17_Content License Agreement.pdf,14,24921,1780.1,pymupdf,0,0,0,,False,24921,random
PhotronicsInc_20171219_10-QA_EX-10.28_10982650_EX-10.28_Outsourcing Agreement,/Users/aaron/Projects/doc-proc-demo-1/data/pdfs/PhotronicsInc_20171219_10-QA_EX-10.28_10982650_EX-10.28_Outsourcing Agreement.pdf,11,25334,2303.1,pymupdf,0,0,0,,False,25334,random
PlayboyEnterprisesInc_20090220_10-QA_EX-10.2_4091580_EX-10.2_Content License Agreement_ Marketing Agreement_ Sales-Purchase Agreement1,/Users/aaron/Projects/doc-proc-demo-1/data/pdfs/PlayboyEnterprisesInc_20090220_10-QA_EX-10.2_4091580_EX-10.2_Content License Agreement_ Marketing Agreement_ Sales-Purchase Agreement1.pdf,45,116872,2597.2,pymupdf,0,0,0,,False,116872,random
PlayboyEnterprisesInc_20090220_10-QA_EX-10.2_4091580_EX-10.2_Content License Agreement_ Marketing Agreement_ Sales-Purchase Agreement2,/Users/aaron/Projects/doc-proc-demo-1/data/pdfs/PlayboyEnterprisesInc_20090220_10-QA_EX-10.2_4091580_EX-10.2_Content License Agreement_ Marketing Agreement_ Sales-Purchase Agreement2.pdf,2,3571,1785.5,pymupdf,0,0,0,,False,3571,random
PrecheckHealthServicesInc_20200320_8-K_EX-99.2_12070169_EX-99.2_Distributor Agreement,/Users/aaron/Projects/doc-proc-demo-1/data/pdfs/PrecheckHealthServicesInc_20200320_8-K_EX-99.2_12070169_EX-99.2_Distributor Agreement.pdf,6,6301,1050.2,pymupdf,0,0,0,,False,6301,random
Principal Life Insurance Company - Broker Dealer Marketing and Servicing Agreement,/Users/aaron/Projects/doc-proc-demo-1/data/pdfs/Principal Life Insurance Company - Broker Dealer Marketing and Servicing Agreement .PDF,13,29534,2271.8,pymupdf,0,0,0,,False,29534,random
PrudentialBancorpInc_20170606_8-K_EX-10.4_10474434_EX-10.4_Endorsement Agreement,/Users/aaron/Projects/doc-proc-demo-1/data/pdfs/PrudentialBancorpInc_20170606_8-K_EX-10.4_10474434_EX-10.4_Endorsement Agreement.pdf,5,14129,2825.8,pymupdf,0,0,0,,False,14129,random
QBIOMEDINC_04_08_2020-EX-99.1-JOINT FILING AGREEMENT,/Users/aaron/Projects/doc-proc-demo-1/data/pdfs/QBIOMEDINC_04_08_2020-EX-99.1-JOINT FILING AGREEMENT.PDF,3,2727,909.0,pymupdf,0,0,0,,False,2727,random
QIWI_06_16_2017-EX-99.(D)(2)-COOPERATION AGREEMENT,/Users/aaron/Projects/doc-proc-demo-1/data/pdfs/QIWI_06_16_2017-EX-99.(D)(2)-COOPERATION AGREEMENT.PDF,14,26237,1874.1,pymupdf,0,0,0,,False,26237,random
Quaker Chemical Corporation - NON COMPETITION AND NON SOLICITATION AGREEMENT,/Users/aaron/Projects/doc-proc-demo-1/data/pdfs/Quaker Chemical Corporation - NON COMPETITION AND NON SOLICITATION AGREEMENT.PDF,13,22658,1742.9,pymupdf,0,0,0,,False,22658,random
QuantumGroupIncFl_20090120_8-K_EX-99.2_3672910_EX-99.2_Hosting Agreement,/Users/aaron/Projects/doc-proc-demo-1/data/pdfs/QuantumGroupIncFl_20090120_8-K_EX-99.2_3672910_EX-99.2_Hosting Agreement.pdf,36,115644,3212.3,pymupdf,0,0,0,,False,115644,random
REGANHOLDINGCORP_03_31_2008-EX-10-LICENSE AND HOSTING AGREEMENT,/Users/aaron/Projects/doc-proc-demo-1/data/pdfs/REGANHOLDINGCORP_03_31_2008-EX-10-LICENSE AND HOSTING AGREEMENT.PDF,18,55691,3093.9,pymupdf,0,0,0,,False,55691,random
REWALKROBOTICSLTD_07_10_2014-EX-10.2-STRATEGIC ALLIANCE AGREEMENT,/Users/aaron/Projects/doc-proc-demo-1/data/pdfs/REWALKROBOTICSLTD_07_10_2014-EX-10.2-STRATEGIC ALLIANCE AGREEMENT.PDF,7,14980,2140.0,pymupdf,0,0,0,,False,14980,random
RISEEDUCATIONCAYMANLTD_04_17_2020-EX-4.23-SERVICE AGREEMENT,/Users/aaron/Projects/doc-proc-demo-1/data/pdfs/RISEEDUCATIONCAYMANLTD_04_17_2020-EX-4.23-SERVICE AGREEMENT.PDF,9,16293,1810.3,pymupdf,0,0,0,,False,16293,random
RMRGROUPINC_01_22_2020-EX-99.1-JOINT FILING AGREEMENT,/Users/aaron/Projects/doc-proc-demo-1/data/pdfs/RMRGROUPINC_01_22_2020-EX-99.1-JOINT FILING AGREEMENT.PDF,1,646,646.0,pymupdf,0,0,0,,False,646,random
"ROCKYMOUNTAINCHOCOLATEFACTORY,INC_12_23_2019-EX-10.2-STRATEGIC ALLIANCE AGREEMENT","/Users/aaron/Projects/doc-proc-demo-1/data/pdfs/ROCKYMOUNTAINCHOCOLATEFACTORY,INC_12_23_2019-EX-10.2-STRATEGIC ALLIANCE AGREEMENT.PDF",40,120999,3025.0,pymupdf,0,0,0,,False,120999,random
RUBIOSRESTAURANTSINC_03_31_2008-EX-10.75-SPONSORSHIP AGREEMENT,/Users/aaron/Projects/doc-proc-demo-1/data/pdfs/RUBIOSRESTAURANTSINC_03_31_2008-EX-10.75-SPONSORSHIP AGREEMENT.PDF,9,37108,4123.1,pymupdf,0,0,0,,False,37108,random
RaeSystemsInc_20001114_10-Q_EX-10.57_2631790_EX-10.57_Co-Branding Agreement,/Users/aaron/Projects/doc-proc-demo-1/data/pdfs/RaeSystemsInc_20001114_10-Q_EX-10.57_2631790_EX-10.57_Co-Branding Agreement.pdf,11,43050,3913.6,pymupdf,0,0,0,,False,43050,random
RandWorldwideInc_20010402_8-KA_EX-10.2_2102464_EX-10.2_Co-Branding Agreement,/Users/aaron/Projects/doc-proc-demo-1/data/pdfs/RandWorldwideInc_20010402_8-KA_EX-10.2_2102464_EX-10.2_Co-Branding Agreement.pdf,11,48124,4374.9,pymupdf,0,0,0,,False,48124,random
RangeResourcesLouisianaInc_20150417_8-K_EX-10.5_9045501_EX-10.5_Transportation Agreement,/Users/aaron/Projects/doc-proc-demo-1/data/pdfs/RangeResourcesLouisianaInc_20150417_8-K_EX-10.5_9045501_EX-10.5_Transportation Agreement.pdf,40,99935,2498.4,pymupdf,0,0,0,,False,99935,random
RareElementResourcesLtd_20171019_SC 13D_EX-99.4_10897534_EX-99.4_Intellectual Property Agreement,/Users/aaron/Projects/doc-proc-demo-1/data/pdfs/RareElementResourcesLtd_20171019_SC 13D_EX-99.4_10897534_EX-99.4_Intellectual Property Agreement.pdf,16,34464,2154.0,pymupdf,0,0,0,,False,34464,random
ReedsInc_20191113_10-Q_EX-10.4_11888303_EX-10.4_Development Agreement,/Users/aaron/Projects/doc-proc-demo-1/data/pdfs/ReedsInc_20191113_10-Q_EX-10.4_11888303_EX-10.4_Development Agreement.pdf,11,28292,2572.0,pymupdf,0,0,0,,False,28292,random
"Reinsurance Group of America, Incorporated - A_R REMARKETING  AGREEMENT","/Users/aaron/Projects/doc-proc-demo-1/data/pdfs/Reinsurance Group of America, Incorporated - A_R REMARKETING  AGREEMENT.PDF",34,102147,3004.3,pymupdf,0,0,0,,False,102147,random
RemarkHoldingsInc_20081114_10-Q_EX-10.24_2895649_EX-10.24_Content License Agreement,/Users/aaron/Projects/doc-proc-demo-1/data/pdfs/RemarkHoldingsInc_20081114_10-Q_EX-10.24_2895649_EX-10.24_Content License Agreement.pdf,30,58555,1951.8,pymupdf,0,0,0,,False,58555,random
RevolutionMedicinesInc_20200117_S-1_EX-10.1_11948417_EX-10.1_Development Agreement,/Users/aaron/Projects/doc-proc-demo-1/data/pdfs/RevolutionMedicinesInc_20200117_S-1_EX-10.1_11948417_EX-10.1_Development Agreement.pdf,85,265426,3122.7,pymupdf,0,0,0,,False,265426,random
ReynoldsConsumerProductsInc_20191115_S-1_EX-10.18_11896469_EX-10.18_Supply Agreement,/Users/aaron/Projects/doc-proc-demo-1/data/pdfs/ReynoldsConsumerProductsInc_20191115_S-1_EX-10.18_11896469_EX-10.18_Supply Agreement.pdf,16,61619,3851.2,pymupdf,0,0,0,,False,61619,random
ReynoldsConsumerProductsInc_20200121_S-1A_EX-10.22_11948918_EX-10.22_Service Agreement,/Users/aaron/Projects/doc-proc-demo-1/data/pdfs/ReynoldsConsumerProductsInc_20200121_S-1A_EX-10.22_11948918_EX-10.22_Service Agreement.pdf,52,112417,2161.9,pymupdf,0,0,0,,False,112417,random
RgcResourcesInc_20151216_8-K_EX-10.3_9372751_EX-10.3_Franchise Agreement,/Users/aaron/Projects/doc-proc-demo-1/data/pdfs/RgcResourcesInc_20151216_8-K_EX-10.3_9372751_EX-10.3_Franchise Agreement.pdf,3,5115,1705.0,pymupdf,0,0,0,,False,5115,random
RitterPharmaceuticalsInc_20200313_S-4A_EX-10.54_12055220_EX-10.54_Development Agreement,/Users/aaron/Projects/doc-proc-demo-1/data/pdfs/RitterPharmaceuticalsInc_20200313_S-4A_EX-10.54_12055220_EX-10.54_Development Agreement.pdf,47,122482,2606.0,pymupdf,0,0,0,,False,122482,random
SANDRIDGEENERGYINC_08_06_2009-EX-10.6-OPERATIONS AND MAINTENANCE AGREEMENT,/Users/aaron/Projects/doc-proc-demo-1/data/pdfs/SANDRIDGEENERGYINC_08_06_2009-EX-10.6-OPERATIONS AND MAINTENANCE AGREEMENT.PDF,29,73101,2520.7,pymupdf,0,0,0,,False,73101,random
SCOUTCAMINC_05_12_2020-EX-10.22-SERVICES AGREEMENT,/Users/aaron/Projects/doc-proc-demo-1/data/pdfs/SCOUTCAMINC_05_12_2020-EX-10.22-SERVICES AGREEMENT.PDF,3,8310,2770.0,pymupdf,0,0,0,,False,8310,random
SEASPINEHOLDINGSCORP_10_10_2018-EX-10.1-SUPPLY AGREEMENT,/Users/aaron/Projects/doc-proc-demo-1/data/pdfs/SEASPINEHOLDINGSCORP_10_10_2018-EX-10.1-SUPPLY AGREEMENT.PDF,24,70676,2944.8,pymupdf,0,0,0,,False,70676,random
SECURIANFUNDSTRUST_05_01_2012-EX-99.28.H.9-NET INVESTMENT INCOME MAINTENANCE AGREEMENT,/Users/aaron/Projects/doc-proc-demo-1/data/pdfs/SECURIANFUNDSTRUST_05_01_2012-EX-99.28.H.9-NET INVESTMENT INCOME MAINTENANCE AGREEMENT.PDF,4,9687,2421.8,pymupdf,0,0,0,,False,9687,random
SENMIAOTECHNOLOGYLTD_02_19_2019-EX-10.5-Collaboration Agreement,/Users/aaron/Projects/doc-proc-demo-1/data/pdfs/SENMIAOTECHNOLOGYLTD_02_19_2019-EX-10.5-Collaboration Agreement.PDF,25,73818,2952.7,pymupdf,0,0,0,,False,73818,random
SEPARATEACCOUNTIIOFAGL_05_02_2011-EX-99.(J)(4)-UNCONDITIONAL CAPITAL MAINTENANCE AGREEMENT,/Users/aaron/Projects/doc-proc-demo-1/data/pdfs/SEPARATEACCOUNTIIOFAGL_05_02_2011-EX-99.(J)(4)-UNCONDITIONAL CAPITAL MAINTENANCE AGREEMENT.PDF,4,20131,5032.8,pymupdf,0,0,0,,False,20131,random
SFGFINANCIALCORP_05_12_2009-EX-10.1-SOFTWARE LICENSE AND MAINTENANCE AGREEMENT,/Users/aaron/Projects/doc-proc-demo-1/data/pdfs/SFGFINANCIALCORP_05_12_2009-EX-10.1-SOFTWARE LICENSE AND MAINTENANCE AGREEMENT.PDF,20,50968,2548.4,pymupdf,0,0,0,,False,50968,random
"SIBANNAC,INC_12_04_2017-EX-2.1-Strategic Alliance Agreement","/Users/aaron/Projects/doc-proc-demo-1/data/pdfs/SIBANNAC,INC_12_04_2017-EX-2.1-Strategic Alliance Agreement.PDF",5,8434,1686.8,pymupdf,0,0,0,,False,8434,random
SLINGERBAGINC_05_27_2020-EX-10.7-CONSULTING AGREEMENT,/Users/aaron/Projects/doc-proc-demo-1/data/pdfs/SLINGERBAGINC_05_27_2020-EX-10.7-CONSULTING AGREEMENT.PDF,14,33384,2384.6,pymupdf,0,0,0,,False,33384,random
SLOVAKWIRELESSFINANCECOBV_03_28_2001-EX-4.(B)(II).3-Maintenance and support contract for SICAP(R) modules,/Users/aaron/Projects/doc-proc-demo-1/data/pdfs/SLOVAKWIRELESSFINANCECOBV_03_28_2001-EX-4.(B)(II).3-Maintenance and support contract for SICAP(R) modules.PDF,9,33388,3709.8,pymupdf,0,0,0,,False,33388,random
SMITHELECTRICVEHICLESCORP_04_04_2012-EX-10.26-FLEET MAINTENANCE AGREEMENT,/Users/aaron/Projects/doc-proc-demo-1/data/pdfs/SMITHELECTRICVEHICLESCORP_04_04_2012-EX-10.26-FLEET MAINTENANCE AGREEMENT.PDF,38,86029,2263.9,pymupdf,0,0,0,,False,86029,random
"SOLUTIONSVENDINGINTERNATIONAL,INC_03_31_2020-EX1A-1 UNDR AGMT-SERVICES AGREEMENT","/Users/aaron/Projects/doc-proc-demo-1/data/pdfs/SOLUTIONSVENDINGINTERNATIONAL,INC_03_31_2020-EX1A-1 UNDR AGMT-SERVICES AGREEMENT.PDF",3,7119,2373.0,pymupdf,0,0,0,,False,7119,random
SONUSCORP_03_12_1997-EX-10.11-SPONSORSHIP AGREEMENT,/Users/aaron/Projects/doc-proc-demo-1/data/pdfs/SONUSCORP_03_12_1997-EX-10.11-SPONSORSHIP AGREEMENT.PDF,9,34730,3858.9,pymupdf,0,0,0,,False,34730,random
SPARKLINGSPRINGWATERHOLDINGSLTD_07_03_2002-EX-10.13-SOFTWARE LICENSE AND MAINTENANCE AGREEMENT,/Users/aaron/Projects/doc-proc-demo-1/data/pdfs/SPARKLINGSPRINGWATERHOLDINGSLTD_07_03_2002-EX-10.13-SOFTWARE LICENSE AND MAINTENANCE AGREEMENT.PDF,7,27615,3945.0,pymupdf,0,0,0,,False,27615,random
SPHERE3DCORP_06_24_2020-EX-10.12-CONSULTING AGREEMENT,/Users/aaron/Projects/doc-proc-demo-1/data/pdfs/SPHERE3DCORP_06_24_2020-EX-10.12-CONSULTING AGREEMENT.PDF,4,12341,3085.2,pymupdf,0,0,0,,False,12341,random
"SPIENERGYCO,LTD_03_09_2011-EX-99.5-OPERATIONS AND MAINTENANCE AGREEMENT","/Users/aaron/Projects/doc-proc-demo-1/data/pdfs/SPIENERGYCO,LTD_03_09_2011-EX-99.5-OPERATIONS AND MAINTENANCE AGREEMENT.PDF",18,54274,3015.2,pymupdf,0,0,0,,False,54274,random
"SPIENERGYCO,LTD_07_10_2014-EX-10-Cooperation Agreement of 50MWp Photovoltaic Grid-connected Power Generation Project in Yangqiao of~1","/Users/aaron/Projects/doc-proc-demo-1/data/pdfs/SPIENERGYCO,LTD_07_10_2014-EX-10-Cooperation Agreement of 50MWp Photovoltaic Grid-connected Power Generation Project in Yangqiao of~1.PDF",1,2812,2812.0,pymupdf,0,0,0,,False,2812,random
"SPOKHOLDINGS,INC_06_19_2020-EX-10.1-COOPERATION AGREEMENT","/Users/aaron/Projects/doc-proc-demo-1/data/pdfs/SPOKHOLDINGS,INC_06_19_2020-EX-10.1-COOPERATION AGREEMENT.PDF",6,17666,2944.3,pymupdf,0,0,0,,False,17666,random
SPORTHALEYINC_09_29_1997-EX-10.2-10-ENDORSEMENT AGREEMENT,/Users/aaron/Projects/doc-proc-demo-1/data/pdfs/SPORTHALEYINC_09_29_1997-EX-10.2-10-ENDORSEMENT AGREEMENT.PDF,3,11925,3975.0,pymupdf,0,0,0,,False,11925,random
"SPRINGBANKPHARMACEUTICALS,INC_04_08_2020-EX-99.A-JOINT FILING AGREEMENT","/Users/aaron/Projects/doc-proc-demo-1/data/pdfs/SPRINGBANKPHARMACEUTICALS,INC_04_08_2020-EX-99.A-JOINT FILING AGREEMENT.PDF",1,1556,1556.0,pymupdf,0,0,0,,False,1556,random
STAMPSCOMINC_06_24_1999-EX-10.18-SPONSORSHIP AGREEMENT,/Users/aaron/Projects/doc-proc-demo-1/data/pdfs/STAMPSCOMINC_06_24_1999-EX-10.18-SPONSORSHIP AGREEMENT.PDF,9,40763,4529.2,pymupdf,0,0,0,,False,40763,random
STARTECGLOBALCOMMUNICATIONSCORP_11_16_1998-EX-10.30-CONSTRUCTION AND MAINTENANCE AGREEMENT,/Users/aaron/Projects/doc-proc-demo-1/data/pdfs/STARTECGLOBALCOMMUNICATIONSCORP_11_16_1998-EX-10.30-CONSTRUCTION AND MAINTENANCE AGREEMENT.PDF,32,115766,3617.7,pymupdf,0,0,0,,False,115766,random
STWRESOURCESHOLDINGCORP_08_06_2014-EX-10.1-COOPERATION AGREEMENT,/Users/aaron/Projects/doc-proc-demo-1/data/pdfs/STWRESOURCESHOLDINGCORP_08_06_2014-EX-10.1-COOPERATION AGREEMENT.PDF,10,27703,2770.3,pymupdf,0,0,0,,False,27703,random
"SUCAMPOPHARMACEUTICALS,INC_11_04_2015-EX-10.2-STRATEGIC ALLIANCE AGREEMENT","/Users/aaron/Projects/doc-proc-demo-1/data/pdfs/SUCAMPOPHARMACEUTICALS,INC_11_04_2015-EX-10.2-STRATEGIC ALLIANCE AGREEMENT.PDF",27,62145,2301.7,pymupdf,0,0,0,,False,62145,random
SUMMAFOURINC_06_19_1998-EX-10.3-SOFTWARE LICENSE AND MAINTENANCE AGREEMENT,/Users/aaron/Projects/doc-proc-demo-1/data/pdfs/SUMMAFOURINC_06_19_1998-EX-10.3-SOFTWARE LICENSE AND MAINTENANCE AGREEMENT.PDF,24,118096,4920.7,pymupdf,0,0,0,,False,118096,random
SUNTRONCORP_05_17_2006-EX-10.22-MAINTENANCE AGREEMENT,/Users/aaron/Projects/doc-proc-demo-1/data/pdfs/SUNTRONCORP_05_17_2006-EX-10.22-MAINTENANCE AGREEMENT.PDF,7,34066,4866.6,pymupdf,0,0,0,,False,34066,random
SYKESHEALTHPLANSERVICESINC_04_24_1998-EX-10.14-OUTSOURCING AGREEMENT,/Users/aaron/Projects/doc-proc-demo-1/data/pdfs/SYKESHEALTHPLANSERVICESINC_04_24_1998-EX-10.14-OUTSOURCING AGREEMENT.PDF,3,12931,4310.3,pymupdf,0,0,0,,False,12931,random
SalesforcecomInc_20171122_10-Q_EX-10.1_10961535_EX-10.1_Reseller Agreement,/Users/aaron/Projects/doc-proc-demo-1/data/pdfs/SalesforcecomInc_20171122_10-Q_EX-10.1_10961535_EX-10.1_Reseller Agreement.pdf,2,2919,1459.5,pymupdf,0,0,0,,False,2919,random
ScansourceInc_20190509_10-Q_EX-10.2_11661422_EX-10.2_Distributor Agreement,/Users/aaron/Projects/doc-proc-demo-1/data/pdfs/ScansourceInc_20190509_10-Q_EX-10.2_11661422_EX-10.2_Distributor Agreement.pdf,5,14082,2816.4,pymupdf,0,0,0,,False,14082,random
ScansourceInc_20190822_10-K_EX-10.38_11793958_EX-10.38_Distributor Agreement1,/Users/aaron/Projects/doc-proc-demo-1/data/pdfs/ScansourceInc_20190822_10-K_EX-10.38_11793958_EX-10.38_Distributor Agreement1.pdf,27,83903,3107.5,pymupdf,0,0,0,,False,83903,random
ScansourceInc_20190822_10-K_EX-10.38_11793958_EX-10.38_Distributor Agreement2,/Users/aaron/Projects/doc-proc-demo-1/data/pdfs/ScansourceInc_20190822_10-K_EX-10.38_11793958_EX-10.38_Distributor Agreement2.pdf,3,13293,4431.0,pymupdf,0,0,0,,False,13293,random
ScansourceInc_20190822_10-K_EX-10.39_11793959_EX-10.39_Distributor Agreement,/Users/aaron/Projects/doc-proc-demo-1/data/pdfs/ScansourceInc_20190822_10-K_EX-10.39_11793959_EX-10.39_Distributor Agreement.pdf,3,10834,3611.3,pymupdf,0,0,0,,False,10834,random
SigaTechnologiesInc_20190603_8-K_EX-10.1_11695818_EX-10.1_Promotion Agreement,/Users/aaron/Projects/doc-proc-demo-1/data/pdfs/SigaTechnologiesInc_20190603_8-K_EX-10.1_11695818_EX-10.1_Promotion Agreement.pdf,60,144076,2401.3,pymupdf,0,0,0,,False,144076,random
"SightLife Surgical, Inc. - STRATEGIC SALES _ MARKETING AGREEMENT","/Users/aaron/Projects/doc-proc-demo-1/data/pdfs/SightLife Surgical, Inc. - STRATEGIC SALES _ MARKETING AGREEMENT.PDF",12,23901,1991.8,pymupdf,0,0,0,,False,23901,random
SimplicityEsportsGamingCompany_20181130_8-K_EX-10.1_11444071_EX-10.1_Franchise Agreement,/Users/aaron/Projects/doc-proc-demo-1/data/pdfs/SimplicityEsportsGamingCompany_20181130_8-K_EX-10.1_11444071_EX-10.1_Franchise Agreement.pdf,9,28496,3166.2,pymupdf,0,0,0,,False,28496,random
SmartRxSystemsInc_20180914_1-A_EX1A-6 MAT CTRCT_11351705_EX1A-6 MAT CTRCT_Distributor Agreement,/Users/aaron/Projects/doc-proc-demo-1/data/pdfs/SmartRxSystemsInc_20180914_1-A_EX1A-6 MAT CTRCT_11351705_EX1A-6 MAT CTRCT_Distributor Agreement.pdf,18,39897,2216.5,pymupdf,0,0,0,,False,39897,random
"Sonos, Inc. - Manufacturing Agreement","/Users/aaron/Projects/doc-proc-demo-1/data/pdfs/Sonos, Inc. - Manufacturing Agreement .PDF",48,108771,2266.1,pymupdf,0,0,0,,False,108771,random
SoupmanInc_20150814_8-K_EX-10.1_9230148_EX-10.1_Franchise Agreement1,/Users/aaron/Projects/doc-proc-demo-1/data/pdfs/SoupmanInc_20150814_8-K_EX-10.1_9230148_EX-10.1_Franchise Agreement1.pdf,47,144086,3065.7,pymupdf,0,0,0,,False,144086,random
SoupmanInc_20150814_8-K_EX-10.1_9230148_EX-10.1_Franchise Agreement2,/Users/aaron/Projects/doc-proc-demo-1/data/pdfs/SoupmanInc_20150814_8-K_EX-10.1_9230148_EX-10.1_Franchise Agreement2.pdf,2,5454,2727.0,pymupdf,0,0,0,,False,5454,random
SoupmanInc_20150814_8-K_EX-10.1_9230148_EX-10.1_Franchise Agreement3,/Users/aaron/Projects/doc-proc-demo-1/data/pdfs/SoupmanInc_20150814_8-K_EX-10.1_9230148_EX-10.1_Franchise Agreement3.pdf,1,2970,2970.0,pymupdf,0,0,0,,False,2970,random
SoupmanInc_20150814_8-K_EX-10.1_9230148_EX-10.1_Franchise Agreement4,/Users/aaron/Projects/doc-proc-demo-1/data/pdfs/SoupmanInc_20150814_8-K_EX-10.1_9230148_EX-10.1_Franchise Agreement4.pdf,2,3322,1661.0,pymupdf,0,0,0,,False,3322,random
SouthernStarEnergyInc_20051202_SB-2A_EX-9_801890_EX-9_Affiliate Agreement,/Users/aaron/Projects/doc-proc-demo-1/data/pdfs/SouthernStarEnergyInc_20051202_SB-2A_EX-9_801890_EX-9_Affiliate Agreement.pdf,8,22650,2831.2,pymupdf,0,0,0,,False,22650,random
StaarSurgicalCompany_20180801_10-Q_EX-10.37_11289449_EX-10.37_Distributor Agreement,/Users/aaron/Projects/doc-proc-demo-1/data/pdfs/StaarSurgicalCompany_20180801_10-Q_EX-10.37_11289449_EX-10.37_Distributor Agreement.pdf,18,49672,2759.6,pymupdf,0,0,0,,False,49672,random
StampscomInc_20001114_10-Q_EX-10.47_2631630_EX-10.47_Co-Branding Agreement,/Users/aaron/Projects/doc-proc-demo-1/data/pdfs/StampscomInc_20001114_10-Q_EX-10.47_2631630_EX-10.47_Co-Branding Agreement.pdf,19,86781,4567.4,pymupdf,0,0,0,,False,86781,random
SteelVaultCorp_20081224_10-K_EX-10.16_3074935_EX-10.16_Affiliate Agreement,/Users/aaron/Projects/doc-proc-demo-1/data/pdfs/SteelVaultCorp_20081224_10-K_EX-10.16_3074935_EX-10.16_Affiliate Agreement.pdf,4,17908,4477.0,pymupdf,0,0,0,,False,17908,random
TALCOTTRESOLUTIONLIFEINSURANCECO-SEPARATEACCOUNTTWELVE_04_30_2020-EX-99.8(L)-SERVICE AGREEMENT,/Users/aaron/Projects/doc-proc-demo-1/data/pdfs/TALCOTTRESOLUTIONLIFEINSURANCECO-SEPARATEACCOUNTTWELVE_04_30_2020-EX-99.8(L)-SERVICE AGREEMENT.PDF,11,29766,2706.0,pymupdf,0,0,0,,False,29766,random
"TALLGRASSENERGY,LP_02_20_2020-EX-99.26-JOINT FILING AGREEMENT","/Users/aaron/Projects/doc-proc-demo-1/data/pdfs/TALLGRASSENERGY,LP_02_20_2020-EX-99.26-JOINT FILING AGREEMENT.PDF",3,3932,1310.7,pymupdf,0,0,0,,False,3932,random
TEARDROPGOLFCO_10_23_1996-EX-10.12-ENDORSEMENT AGREEMENT,/Users/aaron/Projects/doc-proc-demo-1/data/pdfs/TEARDROPGOLFCO_10_23_1996-EX-10.12-ENDORSEMENT AGREEMENT.PDF,6,26163,4360.5,pymupdf,0,0,0,,False,26163,random
TELEGLOBEINTERNATIONALHOLDINGSLTD_03_29_2004-EX-10.10-CONSTRUCTION AND MAINTENANCE AGREEMENT,/Users/aaron/Projects/doc-proc-demo-1/data/pdfs/TELEGLOBEINTERNATIONALHOLDINGSLTD_03_29_2004-EX-10.10-CONSTRUCTION AND MAINTENANCE AGREEMENT.PDF,49,93926,1916.9,pymupdf,0,0,0,,False,93926,random
TELKOMSALTD_01_30_2003-EX-10-LICENCE AND MAINTENANCE AGREEMENT,/Users/aaron/Projects/doc-proc-demo-1/data/pdfs/TELKOMSALTD_01_30_2003-EX-10-LICENCE AND MAINTENANCE AGREEMENT.PDF,69,102811,1490.0,pymupdf,0,0,0,,False,102811,random
"THERAVANCEBIOPHARMA,INC_05_08_2020-EX-10.2-SERVICE AGREEMENT","/Users/aaron/Projects/doc-proc-demo-1/data/pdfs/THERAVANCEBIOPHARMA,INC_05_08_2020-EX-10.2-SERVICE AGREEMENT.PDF",14,32784,2341.7,pymupdf,0,0,0,,False,32784,random
TICKETSCOMINC_06_22_1999-EX-10.22-SPONSORSHIP AGREEMENT,/Users/aaron/Projects/doc-proc-demo-1/data/pdfs/TICKETSCOMINC_06_22_1999-EX-10.22-SPONSORSHIP AGREEMENT.PDF,2,8075,4037.5,pymupdf,0,0,0,,False,8075,random
TRANSMONTAIGNEPARTNERSLLC_03_13_2020-EX-10.9-SERVICES AGREEMENT,/Users/aaron/Projects/doc-proc-demo-1/data/pdfs/TRANSMONTAIGNEPARTNERSLLC_03_13_2020-EX-10.9-SERVICES AGREEMENT.PDF,4,5852,1463.0,pymupdf,0,0,0,,False,5852,random
"TRANSPHORM,INC_02_14_2020-EX-10.12(1)-JOINT VENTURE AGREEMENT","/Users/aaron/Projects/doc-proc-demo-1/data/pdfs/TRANSPHORM,INC_02_14_2020-EX-10.12(1)-JOINT VENTURE AGREEMENT.PDF",36,94673,2629.8,pymupdf,0,0,0,,False,94673,random
TRICITYBANKSHARESCORP_05_15_1998-EX-10-OUTSOURCING AGREEMENT,/Users/aaron/Projects/doc-proc-demo-1/data/pdfs/TRICITYBANKSHARESCORP_05_15_1998-EX-10-OUTSOURCING AGREEMENT.PDF,21,101345,4826.0,pymupdf,0,0,0,,False,101345,random
TRIZETTOGROUPINC_08_18_1999-EX-10.17-TECHNICAL INFRASTRUCTURE MAINTENANCE AGREEMENT,/Users/aaron/Projects/doc-proc-demo-1/data/pdfs/TRIZETTOGROUPINC_08_18_1999-EX-10.17-TECHNICAL INFRASTRUCTURE MAINTENANCE AGREEMENT.PDF,4,17863,4465.8,pymupdf,0,0,0,,False,17863,random
TRUENORTHENERGYCORP_02_08_2007-EX-10.1-DEVELOPMENT AGREEMENT,/Users/aaron/Projects/doc-proc-demo-1/data/pdfs/TRUENORTHENERGYCORP_02_08_2007-EX-10.1-DEVELOPMENT AGREEMENT.PDF,14,43764,3126.0,pymupdf,0,0,0,,False,43764,random
TUNIUCORP_03_06_2014-EX-10-COOPERATION AGREEMENT,/Users/aaron/Projects/doc-proc-demo-1/data/pdfs/TUNIUCORP_03_06_2014-EX-10-COOPERATION AGREEMENT.PDF,9,17944,1993.8,pymupdf,0,0,0,,False,17944,random
"TURNKEYCAPITAL,INC_07_20_2017-EX-1.1-Strategic Alliance Agreement","/Users/aaron/Projects/doc-proc-demo-1/data/pdfs/TURNKEYCAPITAL,INC_07_20_2017-EX-1.1-Strategic Alliance Agreement.PDF",4,12570,3142.5,pymupdf,0,0,0,,False,12570,random
TcPipelinesLp_20160226_10-K_EX-99.12_9454048_EX-99.12_Transportation Agreement,/Users/aaron/Projects/doc-proc-demo-1/data/pdfs/TcPipelinesLp_20160226_10-K_EX-99.12_9454048_EX-99.12_Transportation Agreement.pdf,4,6035,1508.8,pymupdf,0,0,0,,False,6035,random
TheglobeComInc_19990503_S-1A_EX-10.20_5416126_EX-10.20_Co-Branding Agreement,/Users/aaron/Projects/doc-proc-demo-1/data/pdfs/TheglobeComInc_19990503_S-1A_EX-10.20_5416126_EX-10.20_Co-Branding Agreement.pdf,9,47954,5328.2,pymupdf,0,0,0,,False,47954,random
ThriventVariableInsuranceAccountB_20190701_N-6_EX-99.D(IV)_11720968_EX-99.D(IV)_Endorsement Agreement,/Users/aaron/Projects/doc-proc-demo-1/data/pdfs/ThriventVariableInsuranceAccountB_20190701_N-6_EX-99.D(IV)_11720968_EX-99.D(IV)_Endorsement Agreement.pdf,3,4823,1607.7,pymupdf,0,0,0,,False,4823,random
TodosMedicalLtd_20190328_20-F_EX-4.10_11587157_EX-4.10_Marketing Agreement_ Reseller Agreement,/Users/aaron/Projects/doc-proc-demo-1/data/pdfs/TodosMedicalLtd_20190328_20-F_EX-4.10_11587157_EX-4.10_Marketing Agreement_ Reseller Agreement.pdf,14,32256,2304.0,pymupdf,0,0,0,,False,32256,random
TomOnlineInc_20060501_20-F_EX-4.46_749700_EX-4.46_Co-Branding Agreement,/Users/aaron/Projects/doc-proc-demo-1/data/pdfs/TomOnlineInc_20060501_20-F_EX-4.46_749700_EX-4.46_Co-Branding Agreement.pdf,31,112174,3618.5,pymupdf,0,0,0,,False,112174,random
TubeMediaCorp_20060310_8-K_EX-10.1_513921_EX-10.1_Affiliate Agreement,/Users/aaron/Projects/doc-proc-demo-1/data/pdfs/TubeMediaCorp_20060310_8-K_EX-10.1_513921_EX-10.1_Affiliate Agreement.pdf,24,69861,2910.9,pymupdf,0,0,0,,False,69861,random
UAGHINC_04_14_2004-EX-10.18-MAINTENANCE AGREEMENT,/Users/aaron/Projects/doc-proc-demo-1/data/pdfs/UAGHINC_04_14_2004-EX-10.18-MAINTENANCE AGREEMENT.PDF,9,16824,1869.3,pymupdf,0,0,0,,False,16824,random
ULTRAGENYXPHARMACEUTICALINC_12_23_2013-EX-10.9-SUPPLY AGREEMENT,/Users/aaron/Projects/doc-proc-demo-1/data/pdfs/ULTRAGENYXPHARMACEUTICALINC_12_23_2013-EX-10.9-SUPPLY AGREEMENT.PDF,7,14633,2090.4,pymupdf,0,0,0,,False,14633,random
"UNITEDNATIONALBANCORP_03_03_1999-EX-99-Outsourcing Agreement with the BISYS Group, Inc.","/Users/aaron/Projects/doc-proc-demo-1/data/pdfs/UNITEDNATIONALBANCORP_03_03_1999-EX-99-Outsourcing Agreement with the BISYS Group, Inc..PDF",1,1971,1971.0,pymupdf,0,0,0,,False,1971,random
URSCORPNEW_03_17_2014-EX-99-COOPERATION AGREEMENT,/Users/aaron/Projects/doc-proc-demo-1/data/pdfs/URSCORPNEW_03_17_2014-EX-99-COOPERATION AGREEMENT.PDF,14,37077,2648.4,pymupdf,0,0,0,,False,37077,random
USASYNTHETICFUELCORP_10_21_2010-EX-10.10-STRATEGIC ALLIANCE AGREEMENT,/Users/aaron/Projects/doc-proc-demo-1/data/pdfs/USASYNTHETICFUELCORP_10_21_2010-EX-10.10-STRATEGIC ALLIANCE AGREEMENT.PDF,20,51726,2586.3,pymupdf,0,0,0,,False,51726,random
UnionDentalHoldingsInc_20050204_8-KA_EX-10_3345577_EX-10_Affiliate Agreement,/Users/aaron/Projects/doc-proc-demo-1/data/pdfs/UnionDentalHoldingsInc_20050204_8-KA_EX-10_3345577_EX-10_Affiliate Agreement.pdf,3,14030,4676.7,pymupdf,0,0,0,,False,14030,random
UpjohnInc_20200121_10-12G_EX-2.6_11948692_EX-2.6_Manufacturing Agreement_ Supply Agreement,/Users/aaron/Projects/doc-proc-demo-1/data/pdfs/UpjohnInc_20200121_10-12G_EX-2.6_11948692_EX-2.6_Manufacturing Agreement_ Supply Agreement.pdf,82,224658,2739.7,pymupdf,0,0,0,,False,224658,random
UsioInc_20040428_SB-2_EX-10.11_1723988_EX-10.11_Affiliate Agreement 2,/Users/aaron/Projects/doc-proc-demo-1/data/pdfs/UsioInc_20040428_SB-2_EX-10.11_1723988_EX-10.11_Affiliate Agreement 2.pdf,6,26109,4351.5,pymupdf,0,0,0,,False,26109,random
VALENCETECHNOLOGYINC_02_14_2003-EX-10-JOINT VENTURE CONTRACT,/Users/aaron/Projects/doc-proc-demo-1/data/pdfs/VALENCETECHNOLOGYINC_02_14_2003-EX-10-JOINT VENTURE CONTRACT.PDF,19,73264,3856.0,pymupdf,0,0,0,,False,73264,random
"VAPOTHERM, INC. - Manufacturing and Supply Agreement","/Users/aaron/Projects/doc-proc-demo-1/data/pdfs/VAPOTHERM, INC. - Manufacturing and Supply Agreement.PDF",33,75307,2282.0,pymupdf,0,0,0,,False,75307,random
VARIABLESEPARATEACCOUNT_04_30_2014-EX-13.C-UNCONDITIONAL CAPITAL MAINTENANCE AGREEMENT,/Users/aaron/Projects/doc-proc-demo-1/data/pdfs/VARIABLESEPARATEACCOUNT_04_30_2014-EX-13.C-UNCONDITIONAL CAPITAL MAINTENANCE AGREEMENT.PDF,8,15167,1895.9,pymupdf,0,0,0,,False,15167,random
"VAXCYTE,INC_05_22_2020-EX-10.19-SUPPLY AGREEMENT","/Users/aaron/Projects/doc-proc-demo-1/data/pdfs/VAXCYTE,INC_05_22_2020-EX-10.19-SUPPLY AGREEMENT.PDF",34,99429,2924.4,pymupdf,0,0,0,,False,99429,random
"VEONEER,INC_02_21_2020-EX-10.11-JOINT VENTURE AGREEMENT","/Users/aaron/Projects/doc-proc-demo-1/data/pdfs/VEONEER,INC_02_21_2020-EX-10.11-JOINT VENTURE AGREEMENT.PDF",4,8212,2053.0,pymupdf,0,0,0,,False,8212,random
VERICELCORP_08_06_2019-EX-10.10-SUPPLY AGREEMENT,/Users/aaron/Projects/doc-proc-demo-1/data/pdfs/VERICELCORP_08_06_2019-EX-10.10-SUPPLY AGREEMENT.PDF,43,101572,2362.1,pymupdf,0,0,0,,False,101572,random
VERSOTECHNOLOGIESINC_12_28_2007-EX-99.3-INTELLECTUAL PROPERTY AGREEMENT,/Users/aaron/Projects/doc-proc-demo-1/data/pdfs/VERSOTECHNOLOGIESINC_12_28_2007-EX-99.3-INTELLECTUAL PROPERTY AGREEMENT.PDF,6,5014,835.7,pymupdf,0,0,0,,False,5014,random
VERTEXENERGYINC_08_14_2014-EX-10.24-OPERATION AND MAINTENANCE AGREEMENT,/Users/aaron/Projects/doc-proc-demo-1/data/pdfs/VERTEXENERGYINC_08_14_2014-EX-10.24-OPERATION AND MAINTENANCE AGREEMENT.PDF,24,57076,2378.2,pymupdf,0,0,0,,False,57076,random
VERTICALNETINC_04_01_2002-EX-10.19-MAINTENANCE AND SUPPORT AGREEMENT,/Users/aaron/Projects/doc-proc-demo-1/data/pdfs/VERTICALNETINC_04_01_2002-EX-10.19-MAINTENANCE AND SUPPORT AGREEMENT.PDF,14,77876,5562.6,pymupdf,0,0,0,,False,77876,random
VIOLINMEMORYINC_12_12_2012-EX-10.14-SPONSORSHIP AGREEMENT,/Users/aaron/Projects/doc-proc-demo-1/data/pdfs/VIOLINMEMORYINC_12_12_2012-EX-10.14-SPONSORSHIP AGREEMENT.PDF,22,53558,2434.5,pymupdf,0,0,0,,False,53558,random
"VIRGINGALACTICHOLDINGS,INC_04_08_2020-EX-99.1-JOINT FILING STATEMENT","/Users/aaron/Projects/doc-proc-demo-1/data/pdfs/VIRGINGALACTICHOLDINGS,INC_04_08_2020-EX-99.1-JOINT FILING STATEMENT.PDF",1,1189,1189.0,pymupdf,0,0,0,,False,1189,random
"VIRTUALSCOPICS,INC_11_12_2010-EX-10.1-STRATEGIC ALLIANCE AGREEMENT","/Users/aaron/Projects/doc-proc-demo-1/data/pdfs/VIRTUALSCOPICS,INC_11_12_2010-EX-10.1-STRATEGIC ALLIANCE AGREEMENT.PDF",18,45831,2546.2,pymupdf,0,0,0,,False,45831,random
"VISIUMTECHNOLOGIES,INC_10_20_2004-EX-10.20-DISTRIBUTOR AGREEMENT","/Users/aaron/Projects/doc-proc-demo-1/data/pdfs/VISIUMTECHNOLOGIES,INC_10_20_2004-EX-10.20-DISTRIBUTOR AGREEMENT.PDF",10,49652,4965.2,pymupdf,0,0,0,,False,49652,random
VITAMINSHOPPECOMINC_09_13_1999-EX-10.26-SPONSORSHIP AGREEMENT,/Users/aaron/Projects/doc-proc-demo-1/data/pdfs/VITAMINSHOPPECOMINC_09_13_1999-EX-10.26-SPONSORSHIP AGREEMENT.PDF,17,88297,5193.9,pymupdf,0,0,0,,False,88297,random
"VIVINT SOLAR, INC. - NON-COMPETITION AGREEMENT","/Users/aaron/Projects/doc-proc-demo-1/data/pdfs/VIVINT SOLAR, INC. - NON-COMPETITION AGREEMENT.PDF",4,3477,869.2,pymupdf,0,0,0,,False,3477,random
"VNUE,INC_07_10_2015-EX-10.1-SPONSORSHIP AGREEMENT","/Users/aaron/Projects/doc-proc-demo-1/data/pdfs/VNUE,INC_07_10_2015-EX-10.1-SPONSORSHIP AGREEMENT.PDF",9,20478,2275.3,pymupdf,0,0,0,,False,20478,random
VerizonAbsLlc_20200123_8-K_EX-10.4_11952335_EX-10.4_Service Agreement,/Users/aaron/Projects/doc-proc-demo-1/data/pdfs/VerizonAbsLlc_20200123_8-K_EX-10.4_11952335_EX-10.4_Service Agreement.pdf,106,288272,2719.5,pymupdf,0,0,0,,False,288272,random
VertexEnergyInc_20200113_8-K_EX-10.1_11943624_EX-10.1_Marketing Agreement,/Users/aaron/Projects/doc-proc-demo-1/data/pdfs/VertexEnergyInc_20200113_8-K_EX-10.1_11943624_EX-10.1_Marketing Agreement.pdf,15,45011,3000.7,pymupdf,0,0,0,,False,45011,random
VgrabCommunicationsInc_20200129_10-K_EX-10.33_11958828_EX-10.33_Development Agreement,/Users/aaron/Projects/doc-proc-demo-1/data/pdfs/VgrabCommunicationsInc_20200129_10-K_EX-10.33_11958828_EX-10.33_Development Agreement.pdf,8,14715,1839.4,pymupdf,0,0,0,,False,14715,random
VirtuosoSurgicalInc_20191227_1-A_EX1A-6 MAT CTRCT_11933379_EX1A-6 MAT CTRCT_License Agreement,/Users/aaron/Projects/doc-proc-demo-1/data/pdfs/VirtuosoSurgicalInc_20191227_1-A_EX1A-6 MAT CTRCT_11933379_EX1A-6 MAT CTRCT_License Agreement.pdf,17,35797,2105.7,pymupdf,0,0,0,,False,35797,random
VitalibisInc_20180316_8-K_EX-10.2_11100168_EX-10.2_Hosting Agreement,/Users/aaron/Projects/doc-proc-demo-1/data/pdfs/VitalibisInc_20180316_8-K_EX-10.2_11100168_EX-10.2_Hosting Agreement.pdf,14,46252,3303.7,pymupdf,0,0,0,,False,46252,random
VnueInc_20150914_8-K_EX-10.1_9259571_EX-10.1_Promotion Agreement,/Users/aaron/Projects/doc-proc-demo-1/data/pdfs/VnueInc_20150914_8-K_EX-10.1_9259571_EX-10.1_Promotion Agreement.pdf,3,10550,3516.7,pymupdf,0,0,0,,False,10550,random
WARNERCHILCOTTPLC_12_31_2003-EX-4.36-DEVELOPMENT AGREEMENT,/Users/aaron/Projects/doc-proc-demo-1/data/pdfs/WARNERCHILCOTTPLC_12_31_2003-EX-4.36-DEVELOPMENT AGREEMENT.PDF,6,29620,4936.7,pymupdf,0,0,0,,False,29620,random
WARNINGMANAGEMENTSERVICESINC_12_10_1999-EX-10-ENDORSEMENT AGREEMENT,/Users/aaron/Projects/doc-proc-demo-1/data/pdfs/WARNINGMANAGEMENTSERVICESINC_12_10_1999-EX-10-ENDORSEMENT AGREEMENT.PDF,6,29708,4951.3,pymupdf,0,0,0,,False,29708,random
"WASTE2ENERGYHOLDINGS,INC_06_03_2010-EX-10.2-STRATEGIC ALLIANCE AGREEMENT","/Users/aaron/Projects/doc-proc-demo-1/data/pdfs/WASTE2ENERGYHOLDINGS,INC_06_03_2010-EX-10.2-STRATEGIC ALLIANCE AGREEMENT.PDF",19,40251,2118.5,pymupdf,0,0,0,,False,40251,random
WEBHELPCOMINC_03_22_2000-EX-10.8-HOSTING AGREEMENT,/Users/aaron/Projects/doc-proc-demo-1/data/pdfs/WEBHELPCOMINC_03_22_2000-EX-10.8-HOSTING AGREEMENT.PDF,4,19724,4931.0,pymupdf,0,0,0,,False,19724,random
WELLSFARGOMORTGAGEBACKEDSECURITIES2006-6TRUST_05_11_2006-EX-10.3-Yield Maintenance Agreement,/Users/aaron/Projects/doc-proc-demo-1/data/pdfs/WELLSFARGOMORTGAGEBACKEDSECURITIES2006-6TRUST_05_11_2006-EX-10.3-Yield Maintenance Agreement.PDF,8,37870,4733.8,pymupdf,0,0,0,,False,37870,random
WESTERN COPPER - NON-COMPETITION AGREEMENT,/Users/aaron/Projects/doc-proc-demo-1/data/pdfs/WESTERN COPPER - NON-COMPETITION AGREEMENT.PDF,8,16326,2040.8,pymupdf,0,0,0,,False,16326,random
"WHITESMOKE,INC_11_08_2011-EX-10.26-PROMOTION AND DISTRIBUTION AGREEMENT","/Users/aaron/Projects/doc-proc-demo-1/data/pdfs/WHITESMOKE,INC_11_08_2011-EX-10.26-PROMOTION AND DISTRIBUTION AGREEMENT.PDF",40,69913,1747.8,pymupdf,0,0,0,,False,69913,random
WOMENSGOLFUNLIMITEDINC_03_29_2000-EX-10.13-ENDORSEMENT AGREEMENT - Intellectual Property Rights                 Confidentiality and Non-Use Obligations Agreement,/Users/aaron/Projects/doc-proc-demo-1/data/pdfs/WOMENSGOLFUNLIMITEDINC_03_29_2000-EX-10.13-ENDORSEMENT AGREEMENT - Intellectual Property Rights                 Confidentiality and Non-Use Obligations Agreement.pdf,2,7174,3587.0,pymupdf,0,0,0,,False,7174,random
WOMENSGOLFUNLIMITEDINC_03_29_2000-EX-10.13-ENDORSEMENT AGREEMENT,/Users/aaron/Projects/doc-proc-demo-1/data/pdfs/WOMENSGOLFUNLIMITEDINC_03_29_2000-EX-10.13-ENDORSEMENT AGREEMENT.PDF,7,32236,4605.1,pymupdf,0,0,0,,False,32236,random
WORLDWIDESTRATEGIESINC_11_02_2005-EX-10-RESELLER AGREEMENT,/Users/aaron/Projects/doc-proc-demo-1/data/pdfs/WORLDWIDESTRATEGIESINC_11_02_2005-EX-10-RESELLER AGREEMENT.PDF,17,84379,4963.5,pymupdf,0,0,0,,False,84379,random
WPPPLC_04_30_2020-EX-4.28-SERVICE AGREEMENT,/Users/aaron/Projects/doc-proc-demo-1/data/pdfs/WPPPLC_04_30_2020-EX-4.28-SERVICE AGREEMENT.PDF,24,65389,2724.5,pymupdf,0,0,0,,False,65389,random
WatchitMediaInc_20061201_8-K_EX-10.1_4148672_EX-10.1_Content License Agreement,/Users/aaron/Projects/doc-proc-demo-1/data/pdfs/WatchitMediaInc_20061201_8-K_EX-10.1_4148672_EX-10.1_Content License Agreement.pdf,1,2091,2091.0,pymupdf,0,0,0,,False,2091,random
WaterNowInc_20191120_10-Q_EX-10.12_11900227_EX-10.12_Distributor Agreement,/Users/aaron/Projects/doc-proc-demo-1/data/pdfs/WaterNowInc_20191120_10-Q_EX-10.12_11900227_EX-10.12_Distributor Agreement.pdf,17,48324,2842.6,pymupdf,0,0,0,,False,48324,random
WebmdHealthCorp_20050908_S-1A_EX-10.7_1027007_EX-10.7_Content License Agreement,/Users/aaron/Projects/doc-proc-demo-1/data/pdfs/WebmdHealthCorp_20050908_S-1A_EX-10.7_1027007_EX-10.7_Content License Agreement.pdf,6,14932,2488.7,pymupdf,0,0,0,,False,14932,random
WestPharmaceuticalServicesInc_20200116_8-K_EX-10.1_11947529_EX-10.1_Supply Agreement,/Users/aaron/Projects/doc-proc-demo-1/data/pdfs/WestPharmaceuticalServicesInc_20200116_8-K_EX-10.1_11947529_EX-10.1_Supply Agreement.pdf,25,82568,3302.7,pymupdf,0,0,0,,False,82568,random
"XACCT Technologies, Inc.SUPPORT AND MAINTENANCE AGREEMENT","/Users/aaron/Projects/doc-proc-demo-1/data/pdfs/XACCT Technologies, Inc.SUPPORT AND MAINTENANCE AGREEMENT.PDF",3,14205,4735.0,pymupdf,0,0,0,,False,14205,random
XENCORINC_10_25_2013-EX-10.24-COLLABORATION AGREEMENT (3),/Users/aaron/Projects/doc-proc-demo-1/data/pdfs/XENCORINC_10_25_2013-EX-10.24-COLLABORATION AGREEMENT (3).PDF,104,140093,1347.0,pymupdf,0,0,0,,False,140093,random
"XLITECHNOLOGIES,INC_12_02_2015-EX-10.02-STRATEGIC ALLIANCE AGREEMENT","/Users/aaron/Projects/doc-proc-demo-1/data/pdfs/XLITECHNOLOGIES,INC_12_02_2015-EX-10.02-STRATEGIC ALLIANCE AGREEMENT.PDF",2,5709,2854.5,pymupdf,0,0,0,,False,5709,random
"XLITECHNOLOGIES,INC_12_11_2015-EX-10.1-Sponsorship Agreement","/Users/aaron/Projects/doc-proc-demo-1/data/pdfs/XLITECHNOLOGIES,INC_12_11_2015-EX-10.1-Sponsorship Agreement.PDF",8,18230,2278.8,pymupdf,0,0,0,,False,18230,random
XYBERNAUTCORP_07_12_2002-EX-4-SPONSORSHIP AGREEMENT,/Users/aaron/Projects/doc-proc-demo-1/data/pdfs/XYBERNAUTCORP_07_12_2002-EX-4-SPONSORSHIP AGREEMENT.PDF,9,48404,5378.2,pymupdf,0,0,0,,False,48404,random
XinhuaSportsEntertainmentLtd_20070221_F-1_EX-99.4_645553_EX-99.4_Content License Agreement,/Users/aaron/Projects/doc-proc-demo-1/data/pdfs/XinhuaSportsEntertainmentLtd_20070221_F-1_EX-99.4_645553_EX-99.4_Content License Agreement.pdf,7,19059,2722.7,pymupdf,0,0,0,,False,19059,random
XpresspaGroupInc_20190401_10-K_EX-10.28_11599457_EX-10.28_Marketing Agreement,/Users/aaron/Projects/doc-proc-demo-1/data/pdfs/XpresspaGroupInc_20190401_10-K_EX-10.28_11599457_EX-10.28_Marketing Agreement.pdf,23,51991,2260.5,pymupdf,0,0,0,,False,51991,random
ZEBRATECHNOLOGIESCORP_04_16_2014-EX-10.1-INTELLECTUAL PROPERTY AGREEMENT,/Users/aaron/Projects/doc-proc-demo-1/data/pdfs/ZEBRATECHNOLOGIESCORP_04_16_2014-EX-10.1-INTELLECTUAL PROPERTY AGREEMENT.PDF,40,126872,3171.8,pymupdf,0,0,0,,False,126872,random
ZONDWINDSYSTEMPARTNERSLTDSERIES85-B_04_03_2006-EX-10-MANAGEMENT AND MAINTENANCE AGREEMENT,/Users/aaron/Projects/doc-proc-demo-1/data/pdfs/ZONDWINDSYSTEMPARTNERSLTDSERIES85-B_04_03_2006-EX-10-MANAGEMENT AND MAINTENANCE AGREEMENT.PDF,5,17701,3540.2,pymupdf,0,0,0,,False,17701,random
ZogenixInc_20190509_10-Q_EX-10.2_11663313_EX-10.2_Distributor Agreement,/Users/aaron/Projects/doc-proc-demo-1/data/pdfs/ZogenixInc_20190509_10-Q_EX-10.2_11663313_EX-10.2_Distributor Agreement.pdf,68,174968,2573.1,pymupdf,0,0,0,,False,174968,random
"Zounds Hearing, Inc. - MANUFACTURING DESIGN MARKETING AGREEMENT","/Users/aaron/Projects/doc-proc-demo-1/data/pdfs/Zounds Hearing, Inc. - MANUFACTURING DESIGN MARKETING AGREEMENT.PDF",9,46950,5216.7,pymupdf,0,0,0,,False,46950,random
ZtoExpressCaymanInc_20160930_F-1_EX-10.10_9752871_EX-10.10_Transportation Agreement,/Users/aaron/Projects/doc-proc-demo-1/data/pdfs/ZtoExpressCaymanInc_20160930_F-1_EX-10.10_9752871_EX-10.10_Transportation Agreement.pdf,4,9161,2290.2,pymupdf,0,0,0,,False,9161,random
